Insee - Statistiques locales
Référentiel géographique : France par arrondissement
Code;Libellé
011;Belley
012;Bourg-en-Bresse
013;Gex
014;Nantua
021;Château-Thierry
022;Laon
023;Saint-Quentin
024;Soissons
025;Vervins
031;Montluçon
032;Moulins
033;Vichy
041;Barcelonnette
042;Castellane
043;Digne-les-Bains
044;Forcalquier
051;Briançon
052;Gap
061;Grasse
062;Nice
071;Largentière
072;Privas
073;Tournon-sur-Rhône
081;Charleville-Mézières
082;Rethel
083;Sedan
084;Vouziers
091;Foix
092;Pamiers
093;Saint-Girons
101;Bar-sur-Aube
102;Nogent-sur-Seine
103;Troyes
111;Carcassonne
112;Limoux
113;Narbonne
121;Millau
122;Rodez
123;Villefranche-de-Rouergue
131;Aix-en-Provence
132;Arles
133;Marseille
134;Istres
141;Bayeux
142;Caen
143;Lisieux
144;Vire
151;Aurillac
152;Mauriac
153;Saint-Flour
161;Angoulême
162;Cognac
163;Confolens
171;Jonzac
172;Rochefort
173;La Rochelle
174;Saintes
175;Saint-Jean-d'Angély
181;Bourges
182;Saint-Amand-Montrond
183;Vierzon
191;Brive-la-Gaillarde
192;Tulle
193;Ussel
211;Beaune
212;Dijon
213;Montbard
221;Dinan
222;Guingamp
223;Lannion
224;Saint-Brieuc
231;Aubusson
232;Guéret
241;Bergerac
242;Nontron
243;Périgueux
244;Sarlat-la-Canéda
251;Besançon
252;Montbéliard
253;Pontarlier
261;Die
262;Nyons
263;Valence
271;Les Andelys
272;Bernay
273;Évreux
281;Chartres
282;Châteaudun
283;Dreux
284;Nogent-le-Rotrou
291;Brest
292;Châteaulin
293;Morlaix
294;Quimper
2A1;Ajaccio
2A4;Sartène
2B2;Bastia
2B3;Corte
2B5;Calvi
301;Alès
302;Nîmes
303;Le Vigan
311;Muret
312;Saint-Gaudens
313;Toulouse
321;Auch
322;Condom
323;Mirande
331;Blaye
332;Bordeaux
333;Langon
334;Lesparre-Médoc
335;Libourne
336;Arcachon
341;Béziers
342;Lodève
343;Montpellier
351;Fougères-Vitré
352;Redon
353;Rennes
354;Saint-Malo
361;Le Blanc
362;Châteauroux
363;La Châtre
364;Issoudun
371;Chinon
372;Tours
373;Loches
381;Grenoble
382;La Tour-du-Pin
383;Vienne
391;Dole
392;Lons-le-Saunier
393;Saint-Claude
401;Dax
402;Mont-de-Marsan
411;Blois
412;Vendôme
413;Romorantin-Lanthenay
421;Montbrison
422;Roanne
423;Saint-Étienne
431;Brioude
432;Le Puy-en-Velay
433;Yssingeaux
442;Nantes
443;Saint-Nazaire
445;Châteaubriant-Ancenis
451;Montargis
452;Orléans
453;Pithiviers
461;Cahors
462;Figeac
463;Gourdon
471;Agen
472;Marmande
473;Villeneuve-sur-Lot
474;Nérac
481;Florac
482;Mende
491;Angers
492;Cholet
493;Saumur
494;Segré
501;Avranches
502;Cherbourg
503;Coutances
504;Saint-Lô
511;Châlons-en-Champagne
512;Épernay
513;Reims
514;Vitry-le-François
521;Chaumont
522;Langres
523;Saint-Dizier
531;Château-Gontier
532;Laval
533;Mayenne
541;Briey
542;Lunéville
543;Nancy
544;Toul
551;Bar-le-Duc
552;Commercy
553;Verdun
561;Lorient
562;Pontivy
563;Vannes
573;Forbach-Boulay-Moselle
575;Sarrebourg-Château-Salins
576;Sarreguemines
577;Thionville
579;Metz
581;Château-Chinon (Ville)
582;Clamecy
583;Nevers
584;Cosne-Cours-sur-Loire
591;Avesnes-sur-Helpe
592;Cambrai
593;Douai
594;Dunkerque
595;Lille
596;Valenciennes
601;Beauvais
602;Clermont
603;Compiègne
604;Senlis
611;Alençon
612;Argentan
613;Mortagne-au-Perche
621;Arras
622;Béthune
623;Boulogne-sur-Mer
624;Montreuil
625;Saint-Omer
626;Calais
627;Lens
631;Ambert
632;Clermont-Ferrand
633;Issoire
634;Riom
635;Thiers
641;Bayonne
642;Oloron-Sainte-Marie
643;Pau
651;Argelès-Gazost
652;Bagnères-de-Bigorre
653;Tarbes
661;Céret
662;Perpignan
663;Prades
672;Haguenau-Wissembourg
673;Molsheim
674;Saverne
675;Sélestat-Erstein
678;Strasbourg
681;Altkirch
682;Colmar-Ribeauvillé
684;Mulhouse
686;Thann-Guebwiller
691;Lyon
692;Villefranche-sur-Saône
701;Lure
702;Vesoul
711;Autun
712;Chalon-sur-Saône
713;Charolles
714;Louhans
715;Mâcon
721;La Flèche
722;Mamers
723;Le Mans
731;Albertville
732;Chambéry
733;Saint-Jean-de-Maurienne
741;Annecy
742;Bonneville
743;Saint-Julien-en-Genevois
744;Thonon-les-Bains
751;Paris
761;Dieppe
762;Le Havre
763;Rouen
771;Meaux
772;Melun
773;Provins
774;Fontainebleau
775;Torcy
781;Mantes-la-Jolie
782;Rambouillet
783;Saint-Germain-en-Laye
784;Versailles
791;Bressuire
792;Niort
793;Parthenay
801;Abbeville
802;Amiens
803;Montdidier
804;Péronne
811;Albi
812;Castres
821;Castelsarrasin
822;Montauban
831;Draguignan
832;Toulon
833;Brignoles
841;Apt
842;Avignon
843;Carpentras
851;Fontenay-le-Comte
852;La Roche-sur-Yon
853;Les Sables-d'Olonne
861;Châtellerault
862;Montmorillon
863;Poitiers
871;Bellac
872;Limoges
873;Rochechouart
881;Épinal
882;Neufchâteau
883;Saint-Dié-des-Vosges
891;Auxerre
892;Avallon
893;Sens
901;Belfort
911;Étampes
912;Évry
913;Palaiseau
921;Antony
922;Nanterre
923;Boulogne-Billancourt
931;Bobigny
932;Le Raincy
933;Saint-Denis
941;Créteil
942;Nogent-sur-Marne
943;L'Haÿ-les-Roses
951;Argenteuil
952;Sarcelles
953;Pontoise
9711;Basse-Terre
9712;Pointe-à-Pitre
9721;Fort-de-France
9722;La Trinité
9723;Le Marin
9724;Saint-Pierre
9731;Cayenne
9732;Saint-Laurent-du-Maroni
9741;Saint-Denis
9742;Saint-Pierre
9743;Saint-Benoît
9744;Saint-Paul