Insee - Statistiques locales; ; 
Référentiel géographique : France par intercommunalité; ; 
Code;Libellé;Nombre (provisoire pour 2021) de décès domiciliés 2020
200000172;CC Faucigny-Glières;197
200000438;CC du Pays de Pontchâteau Saint-Gildas-des-Bois;333
200000545;CC des Portes de Romilly-sur-Seine;246
200000628;CC Rhône Lez Provence;236
200000800;CC Cœur de Sologne;108
200000925;CC de la Plaine Dijonnaise;160
200000933;CC Sauldre et Sologne;236
200004802;CC du Pays de Fayence;312
200005932;CC des Portes de Sologne;123
200005957;CC de la Région de Rambervillers;169
200006682;CA Beaune, Côte et Sud - Communauté Beaune-Chagny-Nolay;623
200006716;CC du Nogentais;236
200006930;CC du Haut Allier;106
200006971;CC du Perche;229
200007052;CC de la Marche Berrichonne;115
200007177;CC Pays de Nérondes;85
200010650;CA du Grand Dole;597
200010700;CA Caux Seine Agglo;760
200011773;CA Annemasse-les Voirons-Agglomération;627
200011781;CC Portes du Berry entre Loire et Val d'Aubois;113
200013050;CC Sauer-Pechelbronn;164
200015162;CC de l'Oriente;53
200016905;CC du Pays de Lamastre;85
200017341;CC Lodévois et Larzac;191
200017846;CA Étampois Sud-Essonne;487
200018083;CC de Desvres-Samer;213
200018166;CC Le Grésivaudan;821
200018406;CC du Romorantinais et du Monestois;446
200018521;CC du Val de Bouzanne;88
200018653;CA Cap Excellence;878
200022986;CC du Grand Pic Saint-Loup;374
200023075;CC du Pays de Maîche;191
200023125;CC Les Portes Briardes entre Villes et Forêts;326
200023240;CC Pays de Nemours;319
200023299;CC Cœur de Tarentaise;117
200023307;CA du Grand Villeneuvois;593
200023372;CC de la Vallée de Chamonix-Mont-Blanc;122
200023414;Métropole Rouen Normandie;4807
200023620;CC de la Gascogne Toulousaine;121
200023737;CA du Grand Cahors;464
200023778;CA du Pays de Saint-Gilles-Croix-de-Vie;700
200023794;CC de Blaye;232
200023919;CC Gâtinais Val de Loing;256
200026573;CC Haut-Jura Saint-Claude;263
200027027;CC Arc Sud Bretagne;294
200027076;CC Arnon Boischaut Cher;120
200027100;CC Méditerranée Porte des Maures;558
200027183;CU Perpignan Méditerranée Métropole;3163
200027217;CC Sarlat-Périgord Noir;183
200027308;CC d'Auberive Vingeanne et Montsaugeonnais;103
200027548;CC des Savanes;99
200029734;CC des 4B Sud Charente;273
200029999;CC Rives de l'Ain - Pays du Cerdon;162
200030195;Métropole Nice Côte d'Azur;6160
200030385;CA de Blois Agglopolys;1068
200030435;CC d'Aire-sur-l'Adour;182
200030526;CC du Ried de Marckolsheim;202
200030633;CA du Caudrésis et du Catésis;738
200030658;CC du Trièves;133
200030674;CA Val de Garonne Agglomération;725
200032514;CC Berry-Loire-Vauvise;109
200033025;CA de Bar-le-Duc - Sud Meuse;509
200033090;CC Plaines et Monts de France;133
200033116;CC Cluses-Arve et Montagnes;382
200033173;CC de la Haute Vallée de Chevreuse;292
200033181;CA Chartres Métropole;1325
200033298;CC des Coëvrons;373
200033579;CU d'Arras;1077
200033827;CC de Fium'orbu Castellu;126
200033868;CC des Ballons des Hautes-Vosges;235
200034023;CC Tarn-Agout;233
200034031;CC des Monts d'Alban et du Villefranchois;58
200034049;CC Centre Tarn;115
200034056;CC du Lautrécois et du Pays d'Agout;169
200034064;CC du Cordais et du Causse (4 C);63
200034098;CC des Montagnes du Giffre;115
200034130;CC Gally Mauldre;142
200034197;CC de Montaigne Montravel et Gurson;136
200034205;CC de la Costa Verde;125
200034270;CC du Pays de Barr;260
200034379;CC Pays d'Uzès;367
200034411;CC du Piémont Cévenol;231
200034601;CC Causses Aigoual Cévennes;63
200034635;CC du Kochersberg;199
200034692;CA du Gard Rhodanien;789
200034700;CA Durance-Lubéron-Verdon Agglomération;764
200034718;CC de Vitry, Champagne et Der;313
200034726;CC Bastides de Lomagne;146
200034825;CA du Grand Guéret;417
200034833;CC des Bastides Dordogne-Périgord;308
200034874;CC Côtes de Meuse Woëvre;64
200034882;CC Pays du Mont-Blanc;461
200034957;CC du Frontonnais;172
200035087;CA Terre de Provence;624
200035103;CC de la Vallée de la Haute Sarthe;86
200035111;CC des Sources de l'Orne;165
200035129;CC de Cèze Cévennes;339
200035137;CC Marche Occitane - Val d'Anglin;123
200035202;CC Charlieu-Belmont;321
200035319;CA Estérel Côte d'Azur Agglomération;1567
200035327;CC Cazals-Salviac;103
200035442;CC du Sud-Artois;355
200035533;CC du Grand Saint-Émilionnais;133
200035541;CC des Landes d'Armagnac;186
200035632;CC Armagnac Adour;97
200035707;CC Piège Lauragais Malepère;218
200035715;CA Carcassonne Agglo;1185
200035723;CC Ventoux Sud;98
200035731;CA Roannais Agglomération;1298
200035756;CC Astarac Arros en Gascogne;78
200035764;CC de la Beauce Loirétaine;148
200035772;CC du Pays du Saintois;164
200035814;CA Flers Agglo;705
200035848;CC du Châtillonnais en Berry;159
200035855;CC Castelnaudary Lauragais Audois;298
200035863;CC Région Lézignanaise, Corbières et Minervois;444
200035970;CC Vexin Centre;187
200036069;CC du Pays de Mortagne-au-Perche;185
200036077;CC du Golfe de Saint-Tropez;714
200036135;CC Cœur de France;316
200036150;CC des Hauts du Val de Saône;115
200036465;CC de Thann-Cernay;455
200036473;CA de Saintes;748
200036499;CC de Marana-Golo;157
200036523;CC des Bastides en Haut-Agenais Périgord;243
200036549;CC Val de Gray;353
200037059;CC de la Haute Somme (Combles - Péronne - Roisel);387
200037133;CC du Provinois;359
200038958;CC de la Pieve de l'Ornano et du Taravo;180
200038990;CC de Saint-Méen Montauban;259
200039022;CA Vitré Communauté;670
200039055;CC Ouche et Montagne;104
200039063;CC Forêts, Seine et Suzon;115
200039204;CC de Lacq-Orthez;602
200039519;CC du Quercy Blanc;97
200039642;CC Le Tonnerrois en Bourgogne;278
200039709;CC du Serein;124
200039758;CC Avallon, Vézelay, Morvan;262
200039808;CC des Gorges de l'Ardèche;218
200039824;CC Ardèche des Sources et Volcans;151
200039832;CC Pays des Vans en Cévennes;154
200039857;CA du Pays de Grasse;1114
200039865;Metz Métropole;2322
200039907;CC du Sud Messin;111
200039915;CA Cannes Pays de Lérins;2100
200039931;CC Alpes d'Azur;107
200039949;CC Rives de Moselle;545
200040038;CC Saône Doubs Bresse;156
200040095;CC Isle Vern Salembre en Périgord;222
200040111;CC Cœur de Chartreuse;206
200040137;CC des Lacs de Champagne;131
200040178;CC de l'Outre-Forêt;141
200040202;CC Provence Verdon;248
200040210;CC Lacs et Gorges du Verdon;122
200040244;CA du Bocage Bressuirais;723
200040251;CC Bassée-Montois;245
200040277;CA Agglo du Pays de Dreux;1182
200040293;CC du Clunisois;251
200040350;CC Bugey Sud;407
200040384;CC Isle Double Landais;205
200040392;CA Le Grand Périgueux;1122
200040400;CC du Périgord Ribéracois;295
200040418;CC du Pays de Serres en Quercy;134
200040426;CC du Val de l'Oise;203
200040442;CA Luberon Monts de Vaucluse;629
200040459;CA Montélimar Agglomération;649
200040475;CC Loué - Brûlon - Noyen;193
200040491;CC Porte de Drômardèche;458
200040509;CC du Crestois et de Pays de Saillans Cœur de Drôme;181
200040558;CC Écueillé-Valençay;248
200040566;CA de l'Ouest Rhodanien;706
200040574;CC Beaujolais Pierres Dorées;450
200040590;CA Villefranche Beaujolais Saône;693
200040624;CC Pays d'Apt-Luberon;349
200040657;CC de la Matheysine;263
200040681;CC Enclave des Papes-Pays de Grignan;270
200040715;Grenoble-Alpes-Métropole;3975
200040764;CC du Sud Corse;205
200040772;CC du Perche et Haut Vendômois;152
200040798;CC Val Vanoise;77
200040814;CC Briance Sud Haute Vienne;99
200040830;CC du Pays de Fénelon;146
200040889;CC de Portes Sud Périgord;109
200040905;CC Carmausin-Ségala;435
200040947;CC de Flandre Intérieure;1061
200040954;CC des Hauts de Flandre;531
200041010;CC Cœur de Savoie;388
200041051;CC Vallée de la Dordogne et Forêt Bessède;123
200041150;CC Terrassonnais Haut Périgord Noir;299
200041168;CC de la Vallée de l'Homme;234
200041283;CC de la Plaine du Rhin;173
200041317;CA du Niortais;1194
200041325;CC du Pays Rhénan;319
200041333;CC de Parthenay-Gâtine;487
200041366;CC Rhône Crussol;391
200041416;CC Airvaudais-Val du Thouet;106
200041440;CC de Domme-Villefranche du Périgord;113
200041465;CC Val Eyrieux;227
200041499;CC Aunis Atlantique;293
200041507;CA La Riviera du Levant;576
200041515;CC du Bassin de Pont-à-Mousson;403
200041523;CC de la Haute Saintonge;943
200041556;CC Portes de la Creuse en Marche;123
200041572;CC Dronne et Belle;194
200041614;CC Aunis Sud;292
200041622;CC Ardennes Thiérache;133
200041630;CA Ardenne Métropole;1492
200041689;CC Vals de Saintonge Communauté;794
200041721;CC de la Haute Comté;226
200041762;CA Rochefort Océan;774
200041788;CA du Pays Nord Martinique;1023
200041853;CC du Pays de Montbozon et du Chanois;108
200041861;CC du Triangle Vert;106
200041879;CC Terres de Saône;122
200041887;CC du Val Marnaysien;125
200041960;CC Pévèle-Carembault;798
200041994;CC Haut Val de Sèvre;302
200042000;CC Bruyères-Vallons des Vosges;219
200042174;CA Lorient Agglomération;2347
200042182;CC du Mont des Avaloirs;237
200042190;CA de la Porte du Hainaut;1736
200042372;CC des Coteaux Arrats Gimone;130
200042414;CC Bresse Revermont 71;162
200042463;CC de la Montagne Noire;84
200042497;CC Dombes Saône Vallée;287
200042604;CC de Granville, Terre et Mer;599
200042620;CC de la Région de Suippes;65
200042646;CC Grand Orb communauté de communes en Languedoc;305
200042653;CC Sud-Hérault;246
200042703;CC de l'Argonne Champenoise;173
200042729;CC de la Baie du Cotentin;341
200042901;CC Drôme Sud Provence;356
200042935;CA Haut - Bugey Agglomération;626
200042943;CC du Cap Corse;106
200042992;CC Perthois-Bocage et Der;79
200043016;CC Val de Charente;195
200043065;CC du Val d'Amboise;313
200043081;CC Chinon, Vienne et Loire;293
200043123;CC Auray Quiberon Terre Atlantique;1120
200043156;CC du Pays Rethélois;344
200043172;CA du Bassin de Brive;1205
200043263;CC Cœur de l'Avesnois;368
200043321;CC du Pays de Mormal;524
200043354;CC de Villedieu Intercom;190
200043396;CA Maubeuge Val de Sambre;1429
200043404;CC du Sud Avesnois;334
200043438;CC de la Moivre à la Coole;131
200043495;CA du Pays de Laon;430
200043602;CC des Albères, de la Côte Vermeille et de l'Illibéris;829
200043628;CC des Vallées du Clain;228
200043693;CC Terre Lorraine du Longuyonnais;171
200043776;CC Pyrénées Audoises;271
200043974;CC du Sud Gironde;383
200043982;CC du Bazadais;187
200043990;CC Vallons de Haute-Bretagne Communauté;314
200044014;CC Creuse Grand Sud;201
200044030;CC des 7 Vallées;368
200044048;CC Osartis Marquion;407
200044253;CC du Bassin de Joinville en Champagne;208
200044394;CC du Réolais en Sud Gironde;317
200044469;CC du Pays de Mirepoix;124
200044618;CA Douaisis Agglo;1628
200044691;CA du Nord Grande Terre;574
200046977;Métropole de Lyon;11329
200048551;CC du Pays de Craon;389
200049187;CA du Grand Verdun;332
200049211;CC Conflent-Canigó;284
200049484;CC Berry Grand Sud;207
200050532;CC de Petite-Terre;125
200054781;Métropole du Grand Paris;51513
200054807;Métropole d'Aix-Marseille-Provence;19044
200055481;CC Beauce Val de Loire;216
200055655;CA Roissy Pays de France;2570
200055887;CC Mayenne Communauté;398
200056232;CA Communauté Paris-Saclay;2145
200056380;CA Plaine Vallée;1617
200057859;CA Cœur d'Essonne Agglomération;1422
200057958;CA Paris - Vallée de la Marne;1473
200058360;CC Entre Beauce et Perche;227
200058477;CA Val d'Yerres Val de Seine;1596
200058485;CA Val Parisis;2175
200058519;CA Saint Germain Boucles de Seine;2648
200058782;CA de Saint-Quentin-en-Yvelines;1303
200059228;CA Grand Paris Sud Seine Essonne Sénart;2207
200059392;CC Bièvre Isère;575
200059400;CC Porte Océane du Limousin;322
200059871;CC du Centre-Ouest;179
200059889;CU Grand Paris Seine et Oise;3318
200060010;CA Mauges Communauté;1207
200060457;CA de Dembeni/Mamoudzou;339
200060465;CA du Grand Nord de Mayotte;202
200060473;CC du Sud;122
200065563;CC Normandie-Cabourg-Pays d'Auge;356
200065589;CC Val ès Dunes;123
200065597;CU Caen la Mer;2443
200065647;CA Pays de Montbéliard Agglomération;1640
200065787;CC de Pont-Audemer / Val de Risle;409
200065886;CA Loire Forez Agglomération;1294
200065894;CC de Forez-Est;715
200065928;CA Lannion-Trégor Communauté;1413
200066009;CA Mulhouse Alsace Agglomération;3048
200066017;CC Lieuvin Pays d'Auge;188
200066025;CC Pays Rhin - Brisach;312
200066033;CC Sud Alsace Largue;225
200066041;CC Sundgau;502
200066058;CA Saint-Louis Agglomération;747
200066108;CC des Portes de Meuse;220
200066116;CC Argonne-Meuse;123
200066124;CA Gaillac-Graulhet;832
200066132;CC du Pays de Stenay et du Val Dunois;179
200066140;CC de l'Aire à l'Argonne;91
200066157;CC de Commercy - Void - Vaucouleurs;305
200066165;CC Val de Meuse - Voie Sacrée;118
200066173;CC de Damvillers Spincourt;61
200066223;CC Arize Lèze;176
200066231;CC des Portes d'Ariège Pyrénées;425
200066280;CC du Pithiverais;271
200066322;CC Terres des Confluences;438
200066330;CC Terres du Haut Berry;302
200066348;CC du Minervois au Caroux;198
200066355;CA Sète Agglopôle Méditerranée;1612
200066363;CC de la Haute Ariège;90
200066371;CC Causses et Vallée de la Dordogne;649
200066389;CA Saint-Lô Agglo;811
200066405;CC Roumois Seine;337
200066413;CC Intercom Bernay Terres de Normandie;743
200066462;CC Interco Normandie Sud Eure;490
200066512;CC Élan Limousin Avenir Nature;346
200066520;CC Ouest Limousin;175
200066553;CC des Monts de Lacaune et de la Montagne du Haut Languedoc;124
200066561;CC Sidobre Vals et Plateaux;142
200066587;CC des Monts du Lyonnais;347
200066603;CC du Pays de Lubersac-Pompadour;113
200066637;CC Hautes Terres Communauté;233
200066645;CC Vézère-Monédières-Millesources;122
200066652;CC Grand Sud Tarn et Garonne;327
200066660;CC Saint-Flour Communauté;302
200066678;CC de la Châtaigneraie Cantalienne;314
200066710;CC Cingal-Suisse Normande;231
200066728;CC Vallées de l'Orne et de l'Odon;186
200066744;CC Haute-Corrèze Communauté;513
200066751;CC Xaintrie Val'Dordogne;164
200066769;CC Midi Corrézien;221
200066777;CC Ploërmel Communauté;605
200066785;CC de l'Oust à Brocéliande;459
200066793;CA du Grand Annecy;2026
200066801;CC Isigny-Omaha Intercom;299
200066819;CC du Volvestre;269
200066827;CC du Pays de Honfleur-Beuzeville;280
200066835;CC de Sézanne-Sud Ouest Marnais;277
200066850;CC des Paysages de la Champagne;255
200066868;CC Presqu'île de Crozon-Aulne maritime;331
200066876;CA de Châlons-en-Champagne;713
200066884;CC Quercy Vert-Aveyron;245
200066892;CC de Vendeuvre-Soulaines;104
200066918;CA Alès Agglomération;1578
200066926;CA Grand Auch Cœur de Gascogne;476
200066975;CC Senlis Sud Oise;225
200067023;CC Coutances Mer et Bocage;631
200067031;CC Côte Ouest Centre Manche;312
200067049;CC Spelunca-Liamone;117
200067064;CC Decazeville Communauté;291
200067072;CC Haut-Léon Communauté;436
200067080;CC Chablis Villages et Terroirs;202
200067106;CA du Pays Basque;3536
200067114;CA de l'Auxerrois;849
200067122;CC Coteaux et Plaines du Pays Lafrançaisain;105
200067130;CC de Puisaye-Forterre;640
200067155;CC Saint Affricain, Roquefort, Sept Vallons;196
200067163;CC Monts, Rance et Rougier;89
200067171;CC Aubrac, Carladez et Viadène;207
200067189;CC Creuse Sud Ouest;230
200067197;CC Monts d'Arrée Communauté;109
200067205;CA du Cotentin;1883
200067213;CU du Grand Reims;2558
200067239;CC des Luys en Béarn;265
200067247;CC Pleyben-Châteaulin-Porzay;248
200067254;CA Pau Béarn Pyrénées;1695
200067262;CC du Haut-Béarn;435
200067288;CC du Béarn des Gaves;274
200067296;CC du Nord Est Béarn;302
200067304;CC Serein et Armance;318
200067320;CC Serre-Ponçon Val d'Avance;64
200067346;CA Pornic Agglo Pays de Retz;716
200067361;CC Grand-Figeac;642
200067379;CC Côtes de Champagne et Val de Saulx;130
200067429;CC Haut Nivernais-Val d'Yonne;237
200067437;CA Provence-Alpes-Agglomération;592
200067445;CC Buëch-Dévoluy;121
200067452;CC du Guillestrois et du Queyras;79
200067460;CC Loudéac Communauté - Bretagne Centre;650
200067478;CC Comtal Lot et Truyère;247
200067486;CC Bouzonvillois-Trois Frontières;233
200067502;CA Saint-Avold Synergie;592
200067544;CC Creuse Confluence;300
200067551;CA Thonon Agglomération;811
200067593;CC Marche et Combraille en Aquitaine;255
200067627;CC Billom Communauté;307
200067635;CA Clisson Sèvre et Maine Agglo;463
200067643;CC Meurthe Mortagne Moselle;202
200067650;CC Houve-Pays Boulageois;258
200067668;CC de la Cléry, du Betz et de l'Ouanne;233
200067676;CC Canaux et Forêts en Gâtinais;336
200067684;CA Épernay, Coteaux et Plaine de Champagne;615
200067692;CC Tannay-Brinon-Corbigny;191
200067700;CC Sud Nivernais;302
200067742;CC Serre-Ponçon;235
200067759;CC Vallées et Plateau d'Ardenne;245
200067767;CC du Royans-Vercors;120
200067783;CC de Hanau-La Petite Pierre;342
200067791;CA Pays Foix-Varilhes;354
200067817;CC Saône-Beaujolais;441
200067825;CA Gap-Tallard-Durance;523
200067841;CC de l'Alsace Bossue;274
200067866;CC Sèvre et Loire;320
200067874;CA de Haguenau;1005
200067882;CC Bazois Loire Morvan;291
200067890;CC Morvan Sommets et Grands Lacs;242
200067908;CC Amognes Cœur du Nivernais;120
200067916;CC Cœur de Loire;381
200067924;CC du Canton d'Erstein;490
200067932;CA Golfe du Morbihan - Vannes Agglomération;1683
200067940;CC Couserans-Pyrénées;455
200067957;CC Haut Chemin-Pays de Pange;146
200067965;CA de la Région de Compiègne et de la Basse Automne;835
200067973;CC Thelloise;490
200067981;CA Guingamp-Paimpol Agglomération de l'Armor à l'Argoat;1088
200067999;CA du Beauvaisis;968
200068005;CC de l'Oise Picarde;198
200068047;CA Creil Sud Oise;676
200068070;CC Loue-Lison;265
200068088;CC Les Bertranges;325
200068096;CC Champsaur-Valgaudemar;139
200068104;CA de la Provence Verte;1008
200068112;CC du Pays de Saverne;346
200068120;CA Quimper Bretagne Occidentale;975
200068146;CC Sarrebourg Moselle Sud;548
200068229;CC des Baronnies en Drôme Provençale;361
200068278;CC Berry Loire Puisaye;255
200068294;CC des Deux Vallées Vertes;241
200068369;CC de Mirecourt Dompaire;283
200068377;CC de la Porte des Vosges Méridionales;425
200068435;CC Cœur du Perche;124
200068443;CC Andaine - Passais;191
200068450;CC Argentan Intercom;387
200068468;CC des Pays de L'Aigle;333
200068484;CC des Causses à l'Aubrac;218
200068500;CA de Cambrai;961
200068534;CC Terroir de Caux;356
200068542;CC Les Balcons du Dauphiné;613
200068559;CC de l'Ouest Vosgien;368
200068567;CC Les Vals du Dauphiné;553
200068625;CC Alpes-Provence-Verdon - Sources de Lumière;146
200068641;CA Le Muretain Agglo;876
200068658;CA de Chaumont;493
200068666;CA de Saint-Dizier Der et Blaise;783
200068674;CA Grand Lac;812
200068682;CC Terre d'Eau;204
200068757;CA d'Épinal;1328
200068765;CC du Sisteronais-Buëch;351
200068773;CC des Vosges côté Sud Ouest;208
200068781;CA Valence Romans Agglo;2274
200068799;CC Intercom de la Vire au Noireau;602
200068807;CC du Bassin Auterivain Haut-Garonnais;263
200068815;CC Cœur de Garonne;420
200068831;CC Pays Ségali Communauté;211
200068856;CC des Hauts du Perche;137
200068864;CC de la Mossig et du Vignoble;217
200068872;CC Éguzon - Argenton - Vallée de la Creuse;358
200068880;CC Champagne Boischauts;120
200068914;CC La Rochefoucauld porte du Périgord;302
200068922;CC du Confluent et des Coteaux de Prayssas;282
200068930;CC Fumel Vallée du Lot;331
200068948;CC Albret Communauté;409
200068955;CC Anjou Loir et Sarthe;241
200068963;CC Maine Cœur de Sarthe;187
200068989;CA Dinan Agglomération;1304
200068997;CA Arlysère;710
200069003;CC du Barséquanais en Champagne;240
200069029;CA des Deux Baies en Montreuillois;840
200069037;CA du Pays de Saint-Omer;1100
200069052;CA Grand Belfort;1093
200069060;CC des Vosges du Sud;225
200069086;CC Leff Armor Communauté;379
200069094;CC Isle et Crempse en Périgord;218
200069102;CC Randon - Margeride;72
200069110;CA du Grand Chambéry;1447
200069128;CC Mont Lozère;80
200069136;CC des Cévennes au Mont Lozère;77
200069144;CC des Hautes Terres de l'Aubrac;93
200069151;CC Gorges Causses Cévennes;105
200069169;CC Dômes Sancy Artense;142
200069177;CC Mond'Arverne Communauté;335
200069185;CC des Terres d'Apcher-Margeride-Aubrac;115
200069193;CC de la Dombes;460
200069227;CC Pays Fort Sancerrois Val de Loire;322
200069235;CC du Haut Pays du Montreuillois;182
200069250;CA Troyes Champagne Métropole;1683
200069268;CC Aubrac Lot Causses Tarn;91
200069300;CA Tarbes-Lourdes-Pyrénées;1512
200069383;CC Ouest Aveyron Communauté;368
200069391;CA Lamballe Terre et Mer;784
200069409;CA Saint-Brieuc Armor Agglomération;1691
200069417;CC Pays d'Orthe et Arrigans;250
200069425;CA Mont-Saint-Michel-Normandie;1186
200069433;CC de Vezouze en Piémont;175
200069441;CC du Pays de Bitche;422
200069458;CC des Vallées d'Auge et du Merlerault;285
200069482;CC des Campagnes de l'Artois;315
200069516;CC Seulles Terre et Mer;108
200069524;CC Pré-Bocage Intercom;262
200069532;CA Lisieux Normandie;898
200069540;CC Norge et Tille;83
200069565;CC des Lacs et Montagnes du Haut-Doubs;112
200069581;CC Convergence Garonne;254
200069599;CC Rurales de l'Entre-deux-Mers;186
200069615;CC Bresse Haute Seille;247
200069623;CC Champagnole Nozeroy Jura;307
200069631;CC Terres de Chalosse;190
200069649;CC Chalosse Tursan;328
200069656;CC Cœur Haute Lande;237
200069664;CC Meuse Rognon;174
200069672;CC du Ternois;516
200069698;CC Mâconnais - Tournugeois;183
200069722;CC Interrégionale Aumale - Blangy-sur-Bresle;285
200069730;CC des 4 Rivières;406
200069748;CC Val de Gâtine;287
200069755;CC Mellois en Poitou;648
200069763;CC du Haut-Poitou;390
200069821;CA Fécamp Caux Littoral Agglomération;499
200069839;CC de la Côte d'Albâtre;326
200069847;CC Plateau de Caux-Doudeville-Yerville;181
200069854;CU du Grand Poitiers;1675
200069912;CC des Forêts du Perche;118
200069953;CC des Portes Euréliennes d'Île-de-France;359
200069961;CC du Grand Châteaudun;581
200069995;CC Médoc Cœur de Presqu'île;312
200070035;CC du Civraisien en Poitou;425
200070043;CC Vienne et Gartempe;610
200070068;CC Communauté Bray-Eawy;316
200070092;CA du Libournais;908
200070100;CC du Val de Sully;284
200070118;CC Val de Saône Centre;183
200070126;CC Seine et Aube;119
200070142;CC Lyons Andelle;203
200070159;CC Cœur de Beauce;250
200070167;CC Terres de Perche;186
200070183;CC des Terres du Val de Loire;488
200070233;CA Terres de Montaigu;374
200070282;CC Lavalette Tude Dronne;224
200070290;CC Coeur du Pays Haut;234
200070308;CA Mâconnais Beaujolais Agglomération;862
200070316;CC Entre Arroux, Loire et Somme;383
200070324;CC du Territoire de Lunéville à Baccarat;493
200070332;CC des Savoir-Faire;263
200070340;CC Haute Maurienne Vanoise;99
200070365;CC Corbières Salanque Méditerranée;246
200070373;CC Loir-Lucé-Bercé;423
200070407;CA Agglo Pays d'Issoire;590
200070431;CC Saint-Marcellin Vercors Isère Communauté;531
200070449;CC Inter-Caux-Vexin;469
200070464;CC Cœur de Maurienne Arvan;176
200070506;CC Pays de Nexon Monts de Chalus;188
200070514;CA du Grand Cognac;793
200070530;CC du Grand Autunois Morvan;560
200070548;CC Brionnais Sud Bourgogne;236
200070555;CC de la Veyle;198
200070563;CC Terres Touloises;405
200070571;CC Cœur de Berry;53
200070589;CC de Seille et Grand Couronné;132
200070647;CA Bergeracoise;756
200070662;CC Bretagne porte de Loire Communauté;279
200070670;CC du Pays de Dol et de la Baie du Mont Saint-Michel;300
200070688;CC Couesnon Marches de Bretagne;270
200070712;CC Thiers Dore et Montagne;475
200070720;CC Médoc Atlantique;369
200070738;CC Mad et Moselle;304
200070746;CA Sarreguemines Confluences;801
200070753;CA Riom Limagne et Volcans;616
200070761;CC Ambert Livradois Forez;407
200070779;CC Brie des Rivières et Châteaux;254
200070787;CC du Plateau de Lannemezan;230
200070795;CC du Pays de Trie et du Magnoac;128
200070803;CC des Coteaux du Val d'Arros;100
200070811;CC Pyrénées Vallées des Gaves;232
200070829;CC Neste Barousse;169
200070845;CC Orne Lorraine Confluences;733
200070852;CC Usses et Rhône;171
200070894;CC de Gevrey-Chambertin et de Nuits-Saint-Georges;285
200070902;CC Auxonne Pontailler Val de Saône;275
200070910;CC Tille et Venelle;68
200070928;CC Terre de Picardie;166
200070936;CC Ponthieu-Marquenterre;457
200070944;CC du Vimeu;258
200070951;CC du Territoire Nord Picardie;342
200070969;CC Avre Luce Noye;198
200070977;CC du Grand Roye;355
200070985;CC de l'Est de la Somme;288
200070993;CA de la Baie de Somme;721
200071017;CC des Terres d'Auxois;254
200071025;CC Haute-Provence-Pays de Banon;119
200071033;CC Jabron-Lure-Vançon-Durance;77
200071041;CC du Chaourçois et du Val d'Armance;164
200071058;CC Les Avant-Monts;275
200071066;CA de Saint-Dié-des-Vosges;991
200071074;CC Les Portes de l'Ile de France;167
200071082;CA Montluçon Communauté;837
200071116;CA ECLA  (Espace Communautaire Lons Agglomération);468
200071140;CA Moulins Communauté;849
200071165;CA Les Sables d'Olonne Agglomération;832
200071173;CC du Pays Arnay Liernais;117
200071181;CC Somme Sud-Ouest;454
200071199;CC Plaine Limagne;337
200071207;CC de Pouilly-en-Auxois/Bligny-sur-Ouche;122
200071215;CC Chavanon Combrailles et Volcans;200
200071223;CC Nièvre et Somme;276
200071298;CC des Terres du Lauragais;362
200071314;CC des Hauts Tolosans;265
200071363;CA Vichy Communauté;1172
200071371;CC Bresse et Saône;265
200071389;CC Saint-Pourçain Sioule Limagne;502
200071405;CC Ardèche Rhône Coiron;219
200071413;CA Privas Centre Ardèche;559
200071454;CA Evreux Portes de Normandie;1040
200071470;CC Entr'Allier Besbre et Loire;394
200071496;CC du Bocage Bourbonnais;224
200071504;CC des Collines du Perche Normand;216
200071512;CC Commentry Montmarault Néris Communauté;401
200071520;CC Domfront Tinchebray Interco;234
200071538;CC Terres de Bresse;307
200071546;CC Sud Retz Atlantique;287
200071553;CC Loire Layon Aubance;495
200071579;CC Bresse Louhannaise Intercom';409
200071587;CC Loches Sud Touraine;740
200071595;CC Arbois, Poligny, Salins, Cœur du Jura;307
200071629;CC Challans-Gois Communauté;538
200071645;CC Saint Cyr Mère Boitier entre Charolais et Mâconnais;115
200071652;CC du Pays Fertois et du Bocage Carrougien;66
200071678;CA Agglomération du Choletais;933
200071751;CA du Bassin de Bourg-en-Bresse;1376
200071769;CC Picardie des Châteaux;183
200071777;CC d'Arcis, Mailly, Ramerupt;150
200071785;CA Chauny-Tergnier-La Fère;704
200071819;CC du Périgord Nontronnais;237
200071827;CA du Grand Angoulême;1508
200071843;CC du Vexin Normand;320
200071850;CC du Pithiverais-Gâtinais;294
200071868;CC des Vallées du Haut-Anjou;303
200071876;CA Saumur Val de Loire;1023
200071884;CC Le Grand Charolais;561
200071892;CA du Saint-Quentinois;981
200071900;CC Vendée Grand Littoral;495
200071918;CC du Pays de Saint-Fulgent - Les Essarts;253
200071926;CC du Limouxin;366
200071934;CC Pays de Fontenay-Vendée;399
200071942;CC Haut Limousin en Marche;408
200071967;CC Pays d'Évian Vallée d'Abondance;349
200071983;CC Thiérache Sambre et Oise;229
200071991;CC Retz-en-Valois;329
200072007;CC de la Montagne d'Ardèche;107
200072015;CA Annonay Rhône Agglo;547
200072023;CC Cœur de Charente;319
200072031;CA de la Région de Château-Thierry;623
200072049;CC de Charente Limousine;543
200072056;CC Porte du Jura;168
200072064;CC Val-de-Cher-Controis;727
200072072;CA Territoires Vendômois;776
200072080;CC du Pays de Saint-Éloy;300
200072098;CC Combrailles Sioule et Morge;222
200072106;CC Adour Madiran;376
200072130;CA du Pays de Meaux;763
200072304;CC Vallée de l'Ubaye - Serre-Ponçon;122
200072312;CA Seine Normandie Agglomération;923
200072320;CC Val de Gers;133
200072346;CA du Pays de Fontainebleau;711
200072452;CA Fougères Agglomération;586
200072460;CA de Béthune-Bruay, Artois-Lys Romane;3003
200072478;CC Pays d'Opale;260
200072544;CC des Deux Morin;295
200072635;CC Pyrénées Haut Garonnaises;250
200072643;CC Cœur et Coteaux du Comminges;639
200072650;CC Touraine Vallée de l'Indre;382
200072668;CC Touraine Val de Vienne;312
200072676;CC Maine Saosnois;375
200072684;CC Le Gesnois Bilurien;277
200072692;CC des Vallées de la Braye et de l'Anille;224
200072700;CC Haute Sarthe Alpes Mancelles;240
200072718;CC de la Champagne Conlinoise et du Pays de Sillé;200
200072726;CC Châteaubriant-Derval;504
200072734;CC Estuaire et Sillon;335
200072825;CC Mirebellois et Fontenois;141
200072874;CC Val Briard;227
200072882;CC de Vie et Boulogne;350
200072981;CC Touraine Ouest Val de Loire;313
200072999;CC du Grand Langres;244
200073013;CC Carnelle Pays-de-France;287
200073096;CA Arche Agglo;563
200073104;CC de l'Île-Rousse - Balagne;129
200073112;CC Sud Sarthe;335
200073120;CC Nebbiu - Conca d'Oro;85
200073138;CC Pasquale Paoli;89
200073146;CC Cagire Garonne Salat;225
200073161;CC Touraine-Est Vallées;379
200073237;CC de Gâtine et Choisilles - Pays de Racan;142
200073245;CC du Bassin d'Aubenas;545
200073252;CC de la Castagniccia-Casinca;131
200073260;CC Sud Vendée Littoral;709
200073344;CA Rambouillet Territoires;652
200073393;CC des Rives du Haut-Allier;281
200073401;CC Mézenc-Loire-Meygal;166
200073419;CA du Puy-en-Velay;1105
200073427;CC Marches du Velay-Rochebaron;356
200077014;CA Vienne Condrieu;872
200083392;CA Laval Agglomération;962
200084952;CU Le Havre Seine Métropole;2982
200085728;CC Brioude Sud Auvergne;204
200085751;CC Entre Bièvre et Rhône;660
200089456;CA Seine-Eure;878
200090504;CA Coulommiers Pays de Brie;881
200090561;CC Vierzon-Sologne-Berry;591
200090579;CC Terre d'Émeraude Communauté;296
200090751;CA Grand Calais Terres et Mers;1009
200093201;Métropole Européenne de Lille;9701
200096634;CC des Hautes Vosges;374
200096642;CC Gérardmer Hautes Vosges;213
200096675;CC Baud Communauté;188
200096683;CC Centre Morbihan Communauté;289
200096956;CA Agglomération d'Agen;1109
240100610;CC de la Côtière à Montluel;195
240100750;CA du Pays de Gex;413
240100800;CC de Miribel et du Plateau;176
240100883;CC de la Plaine de l'Ain;712
240100891;CC du Pays Bellegardien (CCPB);253
240200444;CC de la Thiérache du Centre;329
240200469;CC du Pays de la Serre;205
240200477;CA GrandSoissons Agglomération;656
240200493;CC du Pays du Vermandois;405
240200501;CC du Val de l'Aisne;193
240200519;CC du Canton d'Oulchy-le-Château;61
240200576;CC de la Champagne Picarde;193
240200584;CC du Canton de Charly-sur-Marne;202
240200592;CC du Chemin des Dames;72
240200600;CC des Trois Rivières;280
240200634;CC des Portes de la Thiérache;103
240300491;CC du Pays de Lapalisse;141
240300558;CC du Pays de Tronçais;167
240300566;CC du Val de Cher;83
240300657;CC du Pays d'Huriel;64
240400440;CC Pays Forcalquier et Montagne de Lure;144
240500439;CC du Briançonnais;221
240500462;CC du Pays des Ecrins;71
240600551;CA de la Riviera Française;796
240600585;CA de Sophia Antipolis;1882
240600593;CC du Pays des Paillons;293
240700302;CC du Pays Beaume-Drobie;150
240700617;CC Val de Ligne;97
240700716;CC du Val d'Ay;78
240700815;CC Berg et Coiron;128
240700864;CC du Rhône aux Gorges de l'Ardèche;285
240800821;CC Ardenne, Rives de Meuse;263
240800847;CC des Portes du Luxembourg;240
240800862;CC des Crêtes Préardennaises;242
240800920;CC de l'Argonne Ardennaise;236
240900431;CC du Pays de Tarascon;108
240900464;CC du Pays d'Olmes;205
241000223;CC Forêts, Lacs, Terres en Champagne;57
241000405;CC de la Région de Bar-sur-Aube;176
241000447;CC du Pays d'Othe;87
241000488;CC de l'Orvin et de l'Ardusson;99
241100593;CA Le Grand Narbonne;1711
241200187;CA Rodez Agglomération;577
241200542;CC du Réquistanais;78
241200567;CC de Millau Grands Causses;307
241200625;CC du Pays Rignacois;57
241200641;CC Conques-Marcillac;160
241200658;CC du Pays de Salars;76
241200674;CC du Plateau de Montbazens;92
241200765;CC de Lévézou Pareloup;62
241200807;CC Aveyron Bas Ségala Viaur;86
241200906;CC Larzac et Vallées;87
241200914;CC de la Muse et des Raspes du Tarn;83
241300375;CC Vallée des Baux-Alpilles (CC VBA);411
241300417;CA d'Arles-Crau-Camargue-Montagnette;989
241400415;CC Cœur Côte Fleurie;389
241400514;CC du Pays de Falaise;302
241400555;CC de Bayeux Intercom;397
241400860;CC Cœur de Nacre;363
241400878;CC Terre d'Auge;232
241500230;CA du Bassin d'Aurillac;657
241500255;CC du Pays Gentiane;99
241500271;CC du Pays de Mauriac;120
241501055;CC Sumène - Artense;172
241501089;CC Cère et Goul en Carladès;79
241501139;CC du Pays de Salers;159
241600303;CC du Rouillacais;127
241700434;CA de La Rochelle;1749
241700459;CC de l'Île de Ré;252
241700517;CC Cœur de Saintonge;152
241700624;CC de l'Île d'Oléron;370
241700632;CC de Gémozac et de la Saintonge Viticole;161
241700640;CA Royan Atlantique;1435
241700699;CC du Bassin de Marennes;241
241800374;CC La Septaine;100
241800424;CC Le Dunois;103
241800432;CC Les Trois Provinces;77
241800457;CC FerCher;138
241800507;CA Bourges Plus;1268
241900133;CC de Ventadour - Egletons - Monédières;139
241927201;CA Tulle Agglo;595
241927243;CC du Pays d'Uzerche;145
242000354;CA de Bastia;512
242000495;CC de l'Alta Rocca;92
242000503;CC Celavu-Prunelli;79
242010056;CA du Pays Ajaccien;842
242010130;CC du Sartenais Valinco Taravo;149
242020071;CC du Centre Corse;108
242020105;CC de Calvi Balagne;113
242100154;CC des Vallées de la Tille et de l'Ignon;120
242100410;Dijon Métropole;2371
242101434;CC du Pays Châtillonnais;244
242101442;CC de Saulieu;96
242101459;CC du Pays d'Alésia et de la Seine;102
242101491;CC du Montbardois;143
242101509;CC Rives de Saône;284
242200715;CC du Kreiz-Breizh (CCKB);291
242300135;CC du Pays Sostranien;171
242320000;CC de Bénévent Grand Bourg;155
242320109;CC du Pays Dunois;120
242400752;CC Périgord-Limousin;242
242400935;CC du Pays de Saint-Aulaye;155
242401024;CC Isle-Loue-Auvézère en Périgord;251
242500320;CC de Montbenoît;42
242500338;CC du Grand Pontarlier;324
242500361;CU Grand Besançon Métropole;1776
242504116;CC du Val de Morteau;182
242504181;CC des Portes du Haut-Doubs;220
242504355;CC du Plateau de Russey;71
242504371;CC du Pays de Sancey-Belleherbe;51
242504447;CC du Doubs Baumois;160
242504488;CC Altitude 800;67
242504496;CC du Plateau de Frasne et du Val de Drugeon (CFD);29
242600252;CC du Val de Drôme en Biovallée;276
242600492;CC Dieulefit-Bourdeaux;131
242600534;CC du Diois;137
242700276;CC du Pays de Conches;230
242700607;CC du Pays du Neubourg;231
242852465;CC du Bonnevalais;142
242900074;CC du Pays d'Iroise;476
242900314;Brest Métropole;2000
242900553;CC du Pays des Abers;437
242900561;CC de Haute Cornouaille;215
242900629;CC Cap Sizun - Pointe du Raz;287
242900645;CC Douarnenez Communauté;311
242900660;CC du Pays Fouesnantais;330
242900694;CA Quimperlé Communauté;666
242900702;CC du Pays Bigouden Sud;569
242900710;CC du Haut Pays Bigouden;223
242900744;CC Poher communauté;215
242900751;CC du Pays de Landivisiau;310
242900769;CA Concarneau Cornouaille Agglomération;745
242900793;CC Communauté Lesneven Côte des Légendes;307
242900801;CA du Pays de Landerneau-Daoulas;398
242900835;CA Morlaix Communauté;945
243000270;CC du Pays Viganais;163
243000296;CC du Pays de Sommières;228
243000569;CC Rhony, Vistre, Vidourle;238
243000585;CC Beaucaire Terre d'Argence;258
243000593;CC de Petite Camargue;269
243000643;CA de Nîmes Métropole;2585
243000650;CC Terre de Camargue;274
243000684;CC du Pont du Gard;246
243100518;Toulouse Métropole;5147
243100567;CC Lauragais Revel Sorezois;232
243100633;CA du Sicoval;535
243100732;CC des Coteaux du Girou;117
243100773;CC Val'Aïgo;207
243100781;CC de la Save au Touch;250
243100815;CC des Coteaux Bellevue;154
243200391;CC de la Lomagne Gersoise;268
243200409;CC du Bas Armagnac;135
243200417;CC de la Tenarèze;209
243200425;CC Cœur d'Astarac en Gascogne;123
243200458;CC du Grand Armagnac;183
243200508;CC Bastides et Vallons du Gers;131
243200599;CC du Saves;111
243200607;CC Artagnan de Fezensac;108
243300316;Bordeaux Métropole;6116
243300563;CA Bassin d'Arcachon Sud (COBAS);880
243300811;CC de l'Estuaire;158
243301165;CC Jalle-Eau-Bourde;228
243301181;CC Latitude Nord Gironde;180
243301215;CC du Créonnais;103
243301223;CC du Grand Cubzaguais;255
243301249;CC Les Rives de la Laurence;189
243301264;CC de Montesquieu;294
243301355;CC Les Coteaux Bordelais;171
243301371;CC du Pays Foyen;266
243301389;CC Médullienne;162
243301397;CC du Fronsadais;137
243301405;CC du Val de l'Eyre;137
243301439;CC des Portes de l'Entre-deux-Mers;180
243301447;CC Médoc Estuaire;168
243301454;CC Castillon/Pujols;218
243301504;CA du Bassin d'Arcachon Nord;846
243400017;Montpellier Méditerranée Métropole;3622
243400355;CC du Clermontais;284
243400470;CA du Pays de l'Or;495
243400488;CC La Domitienne;287
243400520;CC du Pays de Lunel;458
243400694;CC Vallée de l'Hérault;321
243400736;CC des Cévennes Gangeoises et Suménoises;191
243400769;CA de Béziers-Méditerranée;1590
243400819;CA Hérault-Méditerranée;1034
243500139;Rennes Métropole;2850
243500550;CC Montfort Communauté;168
243500618;CC Brocéliande Communauté;133
243500634;CC Roche aux Fées Communauté;260
243500659;CC Pays de Châteaugiron Communauté;156
243500667;CC Val d'Ille-Aubigné;214
243500725;CC Côte d'Émeraude;459
243500733;CC Bretagne Romantique;288
243500741;CA Redon Agglomération;813
243500774;CC Liffré-Cormier Communauté;203
243500782;CA du Pays de Saint Malo Agglomération;1052
243600202;CC Chabris - Pays de Bazelle;105
243600236;CC du Pays d'Issoudun;253
243600293;CC de la Région de Levroux;90
243600301;CC Val de l'Indre - Brenne;197
243600319;CC Brenne - Val de Creuse;280
243600327;CA Châteauroux Métropole;851
243600343;CC Cœur de Brenne;112
243600350;CC de la Châtre et Sainte-Sévère;266
243700499;CC du Castelrenaudais;182
243700754;Tours Métropole Val de Loire;2808
243700820;CC de Bléré Val de Cher;226
243800604;CA Porte de l'Isère (C.A.P.I);800
243800745;CC de l'Oisans;105
243800935;CC Lyon Saint Exupéry en Dauphiné;202
243800984;CA du Pays Voironnais;994
243801024;CC du Massif du Vercors;92
243801073;CC de Bièvre Est;191
243801255;CC des Collines du Nord Dauphiné;192
243900354;CC de la Station des Rousses-Haut Jura;46
243900420;CC du Val d'Amour;116
243900479;CC Haut-Jura Arcade Communauté;84
243900560;CC Jura Nord;106
243900610;CC La Grandvallière;41
243901089;CC de la Plaine Jurassienne;106
244000543;CC de Mimizan;158
244000659;CC du Seignanx;248
244000675;CA du Grand Dax;691
244000691;CC du Pays Morcenais;164
244000766;CC du Pays Tarusate;232
244000774;CC du Pays de Villeneuve en Armagnac Landais;83
244000808;CA Mont-de-Marsan Agglomération;531
244000824;CC du Pays Grenadois;81
244000857;CC Côte Landes Nature;151
244000865;CC Maremne Adour Côte Sud;696
244000873;CC des Grands Lacs;301
244000881;CC Coteaux et Vallées des Luys;110
244100293;CC des Collines du Perche;83
244100780;CC de la Sologne des Étangs;139
244100798;CC du Grand Chambord;230
244100806;CC de la Sologne des Rivières;178
244200614;CC des Vals d'Aix et Isable;87
244200622;CC des Monts du Pilat;267
244200630;CC du Pays entre Loire et Rhône;244
244200770;Saint-Etienne Métropole;4662
244200820;CC du Pays d'Urfé;85
244200895;CC du Pilat Rhodanien;161
244300307;CC du Pays de Montfaucon;121
244301016;CC des Sucs;267
244301099;CC Auzon Communauté;115
244301107;CC du Haut-Lignon;140
244301123;CC des Pays de Cayres et de Pradelles;83
244301131;CC Loire et Semène;180
244400404;Nantes Métropole;4957
244400438;CC Grand Lieu Communauté;234
244400453;CC de la Région de Blain;176
244400503;CC d'Erdre et Gesvres;402
244400537;CC de Nozay;116
244400552;CC du Pays d'Ancenis;615
244400586;CC du Sud Estuaire;396
244400610;CA de la Presqu'île de Guérande Atlantique (Cap Atlantique);1075
244400644;CA de la Région Nazairienne et de l'Estuaire (CARENE);1339
244500203;CA Montargoise et Rives du Loing (A.M.E.);709
244500211;CC Giennoises;269
244500419;CC des Quatre Vallées;206
244500427;CC des Loges;370
244500468;Orléans Métropole;2219
244500484;CC de la Forêt;126
244500542;CC de la Plaine du Nord Loiret;75
244600433;CC de la Vallée du Lot et du Vignoble;225
244600482;CC Quercy - Bouriane;208
244600532;CC du Pays de Lalbenque-Limogne;100
244600573;CC du Causse de Labastide-Murat;48
244700449;CC du Pays de Duras;74
244700464;CC du Pays de Lauzun;215
244701355;CC des Coteaux et Landes de Gascogne;175
244701405;CC Lot et Tolzac;153
244800405;CC Cœur de Lozère;136
244800470;CC du Gévaudan;142
244900015;CU Angers Loire Métropole;2469
244900809;CC Anjou Bleu Communauté;437
244900882;CC Baugeois Vallée;387
245100615;CC de la Grande Vallée de la Marne;189
245100888;CC de la Brie Champenoise;102
245100979;CC du Sud Marnais;66
245200597;CC des Trois Forêts;134
245300223;CC du Pays de Meslay-Grez;140
245300355;CC de l'Ernée;252
245300389;CC du Bocage Mayennais;297
245300447;CC du Pays de Château-Gontier;320
245400171;CC Moselle et Madon;284
245400189;CC des Pays du Sel et du Vermois;313
245400262;CA Grand Longwy Agglomération;647
245400510;CC du Pays de Colombey et du Sud Toulois;112
245400601;CC du Bassin de Pompey;499
245400676;Métropole du Grand Nancy;2344
245400759;CC du Pays du Sanon;56
245500327;CC du Sammiellois;130
245501176;CC du Territoire de Fresnes-en-Woëvre;59
245501184;CC du Pays de Revigny-sur-Ornain;70
245501242;CC du Pays d'Étain;81
245501259;CC du Pays de Montmédy;79
245600440;CC de Blavet Bellevue Océan;145
245600465;CC de Belle-Île-en-Mer;77
245614383;CC Questembert Communauté;240
245614417;CC Roi Morvan Communauté;456
245614433;CC Pontivy Communauté;585
245700133;CC du District Urbain de Faulquemont (DUF);244
245700372;CA de Forbach Porte de France;903
245700398;CC de Freyming-Merlebach;463
245700695;CC de Cattenom et Environs;183
245700950;CC du Pays de Phalsbourg;173
245701164;CC du Warndt;235
245701206;CC du Saulnois;413
245701222;CA du Val de Fensch;887
245701271;CC du Pays Orne Moselle;583
245701354;CC de l'Arc Mosellan;311
245701362;CA Portes de France-Thionville;876
245701404;CC du Pays Haut Val d'Alzette;331
245801063;CC Loire et Allier;77
245804406;CA de Nevers;860
245804497;CC du Nivernais Bourbonnais;86
245900428;CU de Dunkerque;2069
245900758;CC Flandre Lys;419
245901038;CC du Pays Solesmois;188
245901152;CC Cœur d'Ostrevent;730
245901160;CA Valenciennes Métropole;2099
246000129;CC du Liancourtois;225
246000376;CC du Clermontois;437
246000566;CC du Plateau Picard;294
246000582;CC des Sablons;353
246000707;CC du Vexin-Thelle;223
246000749;CC des Lisières de l'Oise;207
246000756;CC du Pays Noyonnais;335
246000764;CC de l'Aire Cantilienne;456
246000772;CC des Deux Vallées;205
246000848;CC de la Picardie Verte;382
246000855;CC du Pays des Sources;159
246000871;CC du Pays de Valois;489
246000897;CC de la Plaine d'Estrées;114
246000913;CC du Pays de Bray;161
246000921;CC des Pays d'Oise et d'Halatte;279
246100390;CC du Val d'Orne;57
246100663;CU d'Alençon;621
246200299;CA d'Hénin-Carvin;1433
246200364;CA de Lens - Liévin;2732
246200380;CC de la Terre des Deux Caps;229
246200729;CA du Boulonnais;1284
246200844;CC de la Région d'Audruicq;249
246201016;CC du Pays de Lumbres;198
246300701;Clermont Auvergne Métropole;2733
246300966;CC du Massif du Sancy;142
246301097;CC Entre Dore et Allier;252
246400337;CC de la Vallée d'Ossau;119
246401756;CC Pays de Nay;309
246500482;CC de la Haute-Bigorre;271
246500573;CC Aure Louron;87
246600282;CC Sud-Roussillon;338
246600373;CC du Vallespir;302
246600399;CC Pyrénées Cerdagne;72
246600415;CC Roussillon-Conflent;217
246600423;CC Agly Fenouillèdes;135
246600449;CC des Aspres;216
246600464;CC Pyrénées catalanes;38
246600548;CC du Haut Vallespir;244
246700306;CC de la Vallée de la Bruche;233
246700488;Eurométropole de Strasbourg;4450
246700744;CC des Portes de Rosheim;173
246700777;CC de la Vallée de Villé;105
246700843;CC de la Basse-Zorn;160
246700926;CC du Pays de Wissembourg;171
246700959;CC du Pays de la Zorn;140
246700967;CC de Sélestat;358
246701064;CC de la Région de Molsheim-Mutzig;396
246701080;CC du Pays de Sainte-Odile;169
246701098;CC du Pays de Niederbronn-les-Bains;298
246800205;CC de la Vallée de Saint-Amarin;157
246800395;CC du Val d'Argent;138
246800445;CC du Centre du Haut-Rhin;164
246800494;CC du Pays de Rouffach, Vignobles et Châteaux;160
246800551;CC de la Vallée de Kaysersberg;221
246800569;CC de la Région de Guebwiller;445
246800577;CC du Pays de Ribeauvillé;247
246800585;CC de la Vallée de Munster;207
246800676;CC de la Vallée de la Doller et du Soultzbach;181
246800726;CA Colmar Agglomération;1237
246900575;CC de l'Est Lyonnais (CCEL);312
246900625;CC du Pays de l'Arbresle (CCPA);297
246900724;CC des Vallons du Lyonnais (CCVL);293
246900740;CC du Pays Mornantais (COPAMO);211
246900757;CC de la Vallée du Garon (CCVG);239
246900765;CC du Pays de l'Ozon;196
247000011;CA de Vesoul;352
247000367;CC des Combes;87
247000623;CC des Quatre Rivières;147
247000664;CC du Pays de Lure;194
247000698;CC des Monts de Gy;64
247000706;CC du Pays Riolais;84
247000714;CC du Pays de Villersexel;115
247000722;CC du Pays d'Héricourt;245
247000755;CC du Pays de Luxeuil;221
247000821;CC Rahin et Chérimont;129
247000854;CC des 1000 étangs;125
247100290;CU Le Creusot Montceau-les-Mines;1376
247100589;CA Le Grand Chalon;1207
247100639;CC de Marcigny;98
247100647;CC Bresse Nord Intercom';118
247103765;CC Entre Saône et Grosne;131
247103864;CC de Semur-en-Brionnais;65
247104094;CC Sud Côte Chalonnaise;172
247200090;CC Communauté de communes du Pays Sabolien;303
247200132;CU Le Mans Métropole;2094
247200348;CC du Pays Fléchois;243
247200421;CC du Sud Est Manceau;119
247200447;CC Orée de Bercé - Belinois;166
247200629;CC du Val de Sarthe;222
247200686;CC du Pays de l'Huisne Sarthoise;327
247300015;CC des Vallées d'Aigueblanche;79
247300254;CC de Haute-Tarentaise;118
247300262;CC de Yenne;105
247300361;CC du Canton de La Chambre;99
247300452;CC Maurienne Galibier;81
247300528;CC Val Guiers;141
247300668;CC du Lac d'Aiguebelette (CCLA);46
247300676;CC Porte de Maurienne;89
247300817;CC Les Versants d'Aime;78
247400047;CC de la Vallée Verte;47
247400112;CC du Pays de Cruseilles;91
247400567;CC Fier et Usses;93
247400583;CC Arve et Salève;189
247400617;CC des Vallées de Thônes;147
247400666;CC des Quatre Rivières;131
247400682;CC du Haut-Chablais;106
247400690;CC du Genevois;271
247400724;CC du Pays Rochois;195
247400740;CC Rumilly Terre de Savoie;232
247400773;CC des Sources du Lac d'Annecy;162
247600505;CC Campagne-de-Caux;88
247600588;CC des Villes Sœurs;518
247600604;CC de Londinières;52
247600620;CC Yvetot Normandie;291
247600646;CC Caux - Austreberthe;215
247600729;CC Falaises du Talou;190
247600786;CA de la Région Dieppoise;678
247700032;CC Moret Seine et Loing;398
247700057;CA Melun Val de Seine;1108
247700065;CC du Pays de l'Ourcq;146
247700107;CC Pays de Montereau;443
247700339;CA Val d'Europe Agglomération;266
247700594;CA Marne et Gondoire;590
247700644;CC l'Orée de la Brie;216
247700701;CC Brie Nangissienne;235
247800550;CC du Pays Houdanais (C.C.P.H.);246
247800584;CA Versailles Grand Parc (C.A.V.G.P.);2121
247800618;CC Cœur d'Yvelines;420
247900798;CC du Thouarsais;453
248000499;CC du Val de Somme;339
248000531;CA Amiens Métropole;1569
248000747;CC du Pays du Coquelicot;324
248100158;CC du Sor et de l'Agout;242
248100430;CA de Castres Mazamet;961
248100497;CC Val 81;113
248100737;CA de l'Albigeois (C2A);912
248100745;CC Thoré Montagne Noire;78
248200016;CC des Deux Rives;234
248200057;CC du Quercy Caussadais;239
248200065;CC de la Lomagne Tarn-et-Garonnaise;192
248200099;CA Grand Montauban;806
248200107;CC du Quercy Rouergue et des Gorges de l'Aveyron;132
248300394;CA Sud Sainte Baume;925
248300410;CC de la Vallée du Gapeau;296
248300493;CA Dracénie Provence Verdon Agglomération;1114
248300543;Métropole Toulon-Provence-Méditerranée;5189
248300550;CC Cœur du Var;482
248400053;CA Ventoux-Comtat-Venaissin (COVE);803
248400160;CC Aygues-Ouvèze en Provence (CCAOP);203
248400236;CC du Pays Réuni d'Orange;524
248400251;CA du Grand Avignon (COGA);1892
248400285;CC Territoriale Sud-Luberon;286
248400293;CA des Sorgues du Comtat;464
248400319;CC du Pays des Sorgues et des Monts de Vaucluse;369
248400335;CC Vaison Ventoux;229
248500191;CC de l'Île de Noirmoutier;136
248500258;CC Océan Marais de Monts;321
248500340;CC Pays de Chantonnay;201
248500415;CC du Pays de la Châtaigneraie;228
248500464;CC du Pays de Pouzauges;172
248500530;CC du Pays des Achards;172
248500563;CC Vendée, Sèvre, Autise;248
248500589;CA La Roche-sur-Yon Agglomération;765
248500621;CC du Pays des Herbiers;234
248500662;CC du Pays de Mortagne;282
248600413;CA Grand Châtellerault;906
248600447;CC du Pays Loudunais;336
248700189;CC du Pays de Saint-Yrieix;216
248719262;CC Gartempe Saint-Pardoux;83
248719288;CC du Val de Vienne;115
248719312;CU Limoges Métropole;2004
248719338;CC Briance-Combade;99
248719353;CC des Portes de Vassivière;99
248719361;CC de Noblat;154
248900334;CA du Grand Sénonais;709
248900383;CC de l'Agglomération Migennoise;155
248900524;CC de l'Aillantais en Bourgogne;117
248900664;CC de la Vanne et du Pays d'Othe;115
248900748;CC du Gâtinais en Bourgogne;173
248900896;CC Yonne Nord;265
248900938;CC du Jovinien;274
249000241;CC du Sud Territoire;269
249100074;CC du Pays de Limours (CCPL);171
249100157;CC des Deux Vallées;189
249100546;CC du Val d'Essonne (CCVE);542
249100553;CC Entre Juine et Renarde (CCEJR);210
249100595;CC Le Dourdannais en Hurepoix (CCDH);254
249500109;CA de Cergy-Pontoise;1144
249500430;CC Sausseron Impressionnistes;171
249500455;CC de la Vallée de l'Oise et des Trois Forêts;331
249500489;CC du Haut Val d'Oise;257
249500513;CC du Vexin-Val de Seine;162
249710047;CC de Marie-Galante;160
249710062;CA du Nord Basse-Terre;712
249710070;CA Grand Sud Caraïbe;842
249720053;CA de l'Espace Sud de la Martinique;1058
249720061;CA du Centre de la Martinique;1505
249730037;CC de l'Ouest Guyanais;234
249730045;CA du Centre Littoral;634
249730052;CC de l'Est Guyanais;23
249740077;CA CIVIS (Communauté Intercommunale des VIlles Solidaires);1205
249740085;CA du Sud;826
249740093;CA Intercommunale de la Réunion Est (CIREST);759
249740101;CA Territoire de la Côte Ouest (TCO);1185
249740119;CA Intercommunale du Nord de la Réunion (CINOR);1179