"Année","Code SINOE ISDND","Nom  ISDND","Téléphone","Fax","Date d'ouverture  ISDND","Adresse  ISDND","Adresse ISDND (suite)","Code postal ISDND","Commune  ISDND","Code commune ISDND","Libellé de la commune ISDND","Code du département ISDND","Nom de la région ISDND","Mode de gestion  ISDND","Géolocalisation  ISDND
Longitude (Mercator)","Géolocalisation  ISDND
Latitude (Mercator)","Géolocalisation  ISDND
 Indicateur qualité","Géolocalisation  ISDND
Niveau de précision","Code SINOE Exploitant","Nom Exploitant ","Code type SINOE Exploitant","Libellé type SINOE Exploitant","Adresse Exploitant","Adresse Exploitant (suite)","Code postal Exploitant","Bureau distributeur Exploitant","Téléphone Exploitant","Fax Exploitant","Capacité réglementaire ISDND","lat","lon"
2016,23241,"Bioréacteur de Labessière",,,"20/11/2006","les Courtials","Pôle des énergies Renouvelables",81300,"Labessière-Candeil","81117","Labessière-Candeil","81","Occitanie","Régie",228423,5431730,1,"Géolocalisation manuelle",3645,"Trifyl","04H","Syndicat mixte","Route de Sieurac",,81300,"Labessiere-candeil",563812300,563812301,180000,43.779268,2.050871
2016,106855,"Carrière-isdnd Amiante Saint-martin-du-tertre",130356416,130356813,"30/10/2014","Isdi Picheta Route Départementale 909",,95270,"Saint-Martin-du-Tertre","95566","Saint-Martin-du-Tertre","95","Ile-de-France",,259633,6291980,-1,"Centroïde de la commune",2654,"Picheta","05","Entreprises et artisans","13, route de Conflans","BP 60",95480,"Pierrelaye",134643434,134641451,40000,49.106237,2.345397
2016,41679,"Centre Stockage Badaroux Lozère",466499030,466499031,"01/07/2003","Redoundel",,48000,"Badaroux","48013","Badaroux","48","Occitanie","Régie",395544,5550360,-1,"Centroïde de la commune",1436,"Syndicat Départemental d'Energie et d'Equipement de la Lozère","04H","Syndicat mixte","12, Boulevard Henri Bourrillon",,48000,"Mende",466653501,466657779,24000,44.569317,3.52654
2016,6320,"Centre de Clerac",546040338,,"16/12/1996","le Bois Rousseau",,17270,"Clérac","17110","Clérac","17","Nouvelle-Aquitaine","Gestion privée",-25283.1,5649820,0.409572,"Géolocalisation effectuée - Qualité insuffisante",2951,"Sotrival","05","Entreprises et artisans","le Bois Rousseau",,17270,"CLERAC",546040338,546042634,185000,45.200016,-0.22913
2016,5537,"Centre de Sainte Severe",545805944,545658255,"01/02/1979","la Forêt de Jarnac",,16200,"Sainte-Sévère","16349","Sainte-Sévère","16","Nouvelle-Aquitaine","Délégation de service public",-28755.3,5742850,-1,"Centroïde de la commune",3881,"Aproval 16","05","Entreprises et artisans","Zi de la Braconne",,16600,"MORNAC",545659197,545659099,70000,45.754874,-0.285199
2016,93112,"Centre de Stockage  de Hitia'a-o-te-ra",,,"01/01/2012","Adresse Nc",,98705,"Hitia'a-O-Te-Ra","98722","Hitia'a-O-Te-Ra","987","Dom-Com","Gestion privée",-16631100,-1984500,-1,"Centroïde de la commune",45554,"Teraiharoa Edwin","05","Entreprises et artisans","Adresse Nc",,98705,"Hitia'a-O-Te-Ra",,,0,,
2016,94930,"Centre de Stockage Aire-sur-l'adour",558032138,558064838,"23/10/2013","Chemin du rouzet",,40800,"Aire-sur-l'Adour","40001","Aire-sur-l'Adour","40","Nouvelle-Aquitaine","Gestion privée",-30304.4,5418120,-1,"Centroïde de la commune",57417,"Terralia","05","Entreprises et artisans","Chemin du Rouzet",,40800,"Aire-sur-l'Adour",558032138,,62000,43.743847,-0.218511
2016,78206,"Centre de Stockage Kourou",,,,"Kourou - Zone Pariacabo",,97310,"Kourou","97304","Kourou","973","Dom-Com","Délégation de service public",-5870880,547859,-1,"Centroïde de la commune",56318,"Gaia","05","Entreprises et artisans","Chemin Moges",,97351,"Matoury",594346629,,20000,4.910723,-52.737962
2016,108306,"Centre de Stockage Milhac-d'auberoche",,,"20/11/2014","Lieu Dit Madaillan",,24330,"Milhac-d'Auberoche*","24270","Milhac-d'Auberoche*","24","Nouvelle-Aquitaine","Gestion privée",101824,5639070,1,"Géolocalisation effectuée - Qualité suffisante",39961,"Suez Rv Sud Ouest","05C","Industrie","31 Rue Thomas Edison","Cs 60072",33612,"Canéjan",557260202,557266052,110000,,
2016,109456,"Centre de Stockage Montblanc",,,"16/10/2015","Ecopole Vallasse",,34290,"Montblanc","34166","Montblanc","34","Occitanie","Gestion privée",373020,5374110,0.630949,"Géolocalisation effectuée - Qualité insuffisante",5899,"Coved Midi-Méditerranée","05","Entreprises et artisans","2, Rue Augustin Fresnel",,81100,"CASTRES",563720936,563724537,0,43.396203,3.366415
2016,93082,"Centre de Stockage Nuku-hiva",40910360,40920390,"01/01/2012","Bp N°28 - Taiohae",,98742,"Nuku-Hiva","98731","Nuku-Hiva","987","Dom-Com","Régie",-15599400,-981265,-1,"Centroïde de la commune",44874,"Commune de Nuku-Hiva","03C","Commune","Bp N° 28 Taiohae",,98742,"Nuku-hiva",40910360,40920390,0,,
2016,93107,"Centre de Stockage Punaruu (classe 2, Catégorie 3)",40541111,40583647,"02/09/1998","Vallée de la Panaruu",,98718,"Punaauia","98738","Punaauia","987","Dom-Com","Gestion privée",-16651500,-1991170,-1,"Centroïde de la commune",45517,"Tahiti Agrégats","05","Entreprises et artisans","Bp 380572",,98718,"Tamanu/punaauia",40541110,40583647,80000,,
2016,109463,"Centre de Stockage Rapa",,,,"Rapa - Archipel des Australes",,98751,"Rapa","98741","Rapa","987","Dom-Com","Régie",-16067400,-3200940,1,"Géolocalisation effectuée - Qualité suffisante",53018,"Commune de Rapa","03C","Commune","Ahurei",,98751,"Rapa",40957272,,0,,
2016,78204,"Centre de Stockage Saint-laurent",,,"01/01/2010","Saint Laurent - Piste Paul Isnard",,97360,"Saint-Laurent-du-Maroni","97311","Saint-Laurent-du-Maroni","973","Dom-Com","Régie",-6014720,552245,-1,"Centroïde de la commune",17952,"Communauté de Communes de l'Ouest Guyanais","04E","Communauté de communes","2, Rue Bruno Aubert","Za Gaston Césaire - Bp 36",97360,"Mana",594343494,594348337,13530,,
2016,109462,"Centre de Stockage Tubuai",,,,"Tubuai - Archipel des Australes",,98754,"Tubuai","98753","Tubuai","987","Dom-Com","Régie",-16639100,-2677200,1,"Géolocalisation effectuée - Qualité suffisante",53021,"Commune de Tubuai","03C","Commune","Bp N° 77 - Mataura",,98754,"Tubuai",40932400,,0,,
2016,109461,"Centre de Stockage Ua-pou",,,,"Ua Pou -  Archipel des Marquises",,98745,"Ua-Pou","98757","Ua-Pou","987","Dom-Com","Régie",-15591900,-1050600,1,"Géolocalisation effectuée - Qualité suffisante",53016,"Commune de Ua-Pou","03C","Commune","Bp N° 100",,98745,"Ua-pou",40915105,40915020,0,,
2016,93108,"Centre de Stockage de Bora-bora",689605800,689677442,"01/01/2011","Baie de Pahonu Faanui",,98730,"Bora-Bora","98714","Bora-Bora","987","Dom-Com","Marché de prestation de service",-16890600,-1853300,-1,"Centroïde de la commune",51994,"Polynésienne des Eaux","05","Entreprises et artisans","Bp 525",,98730,"Bora-bora",8940677087,8940677384,2530,,
2016,93104,"Centre de Stockage de Paihoro",8940547385,8940547386,"01/05/2000","Paihoro",,98722,"Taiarapu-Est","98747","Taiarapu-Est","987","Dom-Com","Marché de prestation de service",-16610600,-2003380,-1,"Centroïde de la commune",45515,"Enviropol","05","Entreprises et artisans","Bp 4644","Vallée de Tipaerui",98713,"Papeete",8940541400,8940541401,80000,,
2016,5475,"Centre de Stockage du Céron",596655334,596657407,"01/04/1984","Sainte-luce",,97228,"Sainte-Luce","97227","Sainte-Luce","972","Dom-Com","Régie",-6784650,1630580,-1,"Centroïde de la commune",7304,"Syndicat Martiniquais de Traitement et de Valorisation des Déchets (Smtvd)","04H","Syndicat mixte","Route de la Pointe Jean-claude",,97231,"le Robert",596655334,596657407,70000,14.49054,-60.946763
2016,41386,"Cet 2 Brametot",235577182,235577190,"01/01/1980","Route de Vénestanville",,76740,"Brametot","76140","Brametot","76","Normandie","Marché de prestation de service",96750.1,6408560,-1,"Centroïde de la commune",52182,"Valor'Caux Sas","05","Entreprises et artisans","Route de Vénestanville",,76740,"Brametot",235577182,235577190,45000,49.786928,0.875305
2016,62770,"Cet 2 Camopi",594300213,,"01/10/1997","Camopi",,97330,"Camopi","97356","Camopi","973","Dom-Com","Régie",-5880800,319389,-1,"Centroïde de la commune",17954,"Communauté de Communes de l'Est Guyanais","04E","Communauté de communes","8, Rue Urbain Goudet","Bp 20",97313,"Saint-georges",594280944,594370786,200,2.871222,-52.829346
2016,7071,"Cet 2 de Bellegarde",466011383,466010021,"01/07/2003","Route de Saint Gilles",,30127,"Bellegarde","30034","Bellegarde","30","Occitanie","Gestion privée",500504,5426570,-1,"Centroïde de la commune",6208,"Sita Fd Bellegarde","05","Entreprises et artisans","Lieu Dit Pichegu","Route de Saint Gilles",30127,"Bellegarde",466011383,466010021,90000,43.741696,4.487526
2016,7030,"Cet Grand'landes / la Vergne 2",251986414,,"02/05/1989","la Vergne",,85670,"Grand'Landes","85102","Grand'Landes","85","Pays de la Loire","Gestion privée",-184105,5916170,-1,"Centroïde de la commune",5379,"Geval","05","Entreprises et artisans","la Croix",,85670,"Grand'landes",251986414,251985009,80000,46.855004,-1.639986
2016,6514,"Cet2 Allemant",323535761,323539472,"06/08/1997","Vallée Guerbette",,2320,"Allemant","02010","Allemant","02","Hauts-de-France","Gestion privée",384234,6353890,-1,"Centroïde de la commune",6704,"Suez Rv Nord Est","05","Entreprises et artisans","17 Rue de Copenhague",,67300,"Schiltigheim",326846800,326846839,105000,49.464777,3.446557
2016,7345,"Cet2 Beine Nauroy",326047862,351425041,"01/01/1988","Lieu-dit le Grand Monfort",,51490,"Beine-Nauroy","51046","Beine-Nauroy","51","Grand-Est","Gestion privée",472338,6316520,-1,"Centroïde de la commune",5544,"Onyx Est","05","Entreprises et artisans","Lieu-dit le Grand Montfort",,51490,"Beine-nauroy",326047862,326047858,50000,49.24766,4.261303
2016,6744,"Cet2 Bergheim",,,"11/08/1993","Bergheim",,68750,"Bergheim","68028","Bergheim","68","Grand-Est","Gestion privée",814904,6142790,-1,"Centroïde de la commune",3161,"Recyclage de Matériaux Bergheim","05","Entreprises et artisans","Route de Rodern","BP 35",68750,"BERGHEIM",389730549,389730621,8000,48.204564,7.360712
2016,7130,"Cet2 Bourgneuf-en-mauges",241785757,241785957,"01/12/1991","Route de St Quentin en Mauges (d17)","Mauges-sur-loire",49290,"Bourgneuf-en-Mauges","49039","Bourgneuf-en-Mauges*","49","Pays de la Loire","Marché de prestation de service",-95994.6,5992850,-1,"Centroïde de la commune",6006,"Coved","05","Entreprises et artisans","Route de St Quentin","Bourgneuf-en-mauges",49290,"Mauges-sur-loire",241785797,241785957,12500,,
2016,6953,"Cet2 Capvern",562989936,562989958,"01/01/1981","3030 Rd 938","Pôle Environnemental de Capvern",65130,"Capvern","65127","Capvern","65","Occitanie","Régie",36905.3,5327940,-1,"Centroïde de la commune",28057,"Smtd 65","04H","Syndicat mixte","30, Avenue Saint-Exupéry",,65000,"TARBES",562384490,562381691,5000,43.101641,0.31631
2016,41579,"Cet2 Champteussé sur Baconne",241951326,241951371,"01/01/2005","Route de Sceaux",,49220,"Champteussé sur baconne","49067","Champteussé-sur-Baconne*","49","Pays de la Loire","Gestion privée",-72848.3,6052250,-1,"Centroïde de la commune",6717,"Société Exploitation Décharges Angevines (Seda)","05","Entreprises et artisans","Route de Sceaux","Champteussé sur Baconne",49220,"le Lion-d'angers",241951326,241951371,100000,47.664146,-0.666886
2016,7339,"Cet2 Domqueur",322242899,322314110,"01/01/1987","Domqueur",,80620,"Domqueur","80249","Domqueur","80","Hauts-de-France","Gestion privée",228388,6466230,-1,"Centroïde de la commune",5534,"Boinet Pierre S.A.","05","Entreprises et artisans","28, route nationale",,80132,"MIANNAY",322242899,322314110,60000,50.114377,2.048878
2016,6622,"Cet2 Gonfreville Etares",235260176,235261778,"02/07/2001","Route de l'Estuaire",,76700,"Gonfreville-l'Orcher","76305","Gonfreville-l'Orcher","76","Normandie","Gestion privée",28553.6,6357680,-1,"Centroïde de la commune",3908,"Etares","05","Entreprises et artisans","Port 1461","Route de l'Estuaire",76700,"Gonfreville-l'orcher",235261777,235261778,120000,49.498588,0.23141
2016,7203,"Cet2 Lihons",322839251,322854111,"01/11/2000","Lieu Dit Sole du Bosquet",,80320,"Lihons","80481","Lihons","80","Hauts-de-France","Gestion privée",307197,6416490,-1,"Centroïde de la commune",16631,"Gurdebeke","05","Entreprises et artisans","65, Boulevard Carnot",,60400,"Noyon",344932525,344932526,90000,49.823656,2.769788
2016,6023,"Cet2 Mons-boubert",322242899,322314110,"01/10/1993","RUE PIOCHEL",,80210,"MONS-BOUBERT","80556","Mons-Boubert","80","Hauts-de-France","Gestion privée",184976,6468130,-1,"Centroïde de la commune",5534,"Boinet Pierre S.A.","05","Entreprises et artisans","28, route nationale",,80132,"MIANNAY",322242899,322314110,57000,50.129606,1.659941
2016,28471,"Cet2 Saint Méen le Grand",,,"01/01/2005","Saint Méen le Grand",,35290,"Saint-Méen-le-Grand","35297","Saint-Méen-le-Grand","35","Bretagne","Marché de prestation de service",-240945,6139720,0.876637,"Géolocalisation effectuée - Qualité suffisante",5338,"Ets Théaud Maurice","05","Entreprises et artisans","Fahineuc",,35290,"Saint-Méen-le-Grand",299096296,299094126,25000,48.188968,-2.191212
2016,13848,"Cet2 St Martin",590522730,590528462,"01/01/2004","Saint Martin",,97150,"Saint-Martin","97801","Saint-Martin","978","Dom-Com","Régie",-7022630,2045220,1,"Géolocalisation manuelle",12121,"Collectivité d'Outre-mer de Saint Martin","03C","Commune","Hôtel de la Collectivité","Bp 374",97054,"Saint-martin Cedex",590522730,590528462,28000,,
2016,5517,"Cet2 Torcy (sita)",385730680,385552695,"03/04/1978","Route du Bois Morey",,71210,"Torcy","71540","Torcy","71","Bourgogne-Franche-Comté","Gestion privée",495612,5903730,-1,"Centroïde de la commune",3179,"Sita Centre Est (Torcy 71)","05","Entreprises et artisans","Route du Bois Morey",,71210,"Torcy",385730680,385552695,100000,46.787122,4.44567
2016,59487,"Cet2 de Huiron",326624051,326624052,"01/07/2008","Ecopole de la Cote Plate","Rd 14, Chemin des Beutiers",51300,"Huiron","51295","Huiron","51","Grand-Est","Gestion privée",498847,6222490,-1,"Centroïde de la commune",6704,"Suez Rv Nord Est","05","Entreprises et artisans","17 Rue de Copenhague",,67300,"Schiltigheim",326846800,326846839,100000,48.693628,4.48036
2016,7358,"Cet2 la Fermeté",616660719,,"01/01/1982","Lieu Dit Linière",,58160,"FERMETE","58112","La Fermeté","58","Bourgogne-Franche-Comté","Gestion privée",371535,5935290,-1,"Centroïde de la commune",5530,"Sade Compagnie Générale des Travaux d'Hydraulique","05","Entreprises et artisans","11 Rue des Perrieres",,58005,"Nevers Cedex",386930950,386930950,50000,46.965929,3.332745
2016,6971,"Ecoparc de Mercey (isdnd)",232526045,,"07/05/1974","Route Départementale 64",,27950,"Mercey","27399","Mercey","27","Normandie","Régie",155763,6289000,-1,"Centroïde de la commune",5732,"Setom (syndicat Etude Traitement Ordures Ménagères) de l'Eure","04H","Syndicat mixte","Vc6 Lieu-dit Saint Laurent","Bp 110",27930,"Guichainville",232234747,232234746,85000,49.079294,1.392993
2016,6749,"Isdnd Aix-en-provence",442999991,442938586,"01/01/1997","Isdnd de l'Arbois","Plateau de l'Arbois",13080,"Aix-en-Provence","13001","Aix-en-Provence","13","PACA","Marché de prestation de service",589616,5383860,1,"Géolocalisation manuelle",5519,"Delta Dechets","05","Entreprises et artisans","Chemin de la Palud",,84100,"Orange",490348043,490518157,180000,43.490988,5.332324
2016,78049,"Isdnd Alveol",555768830,555101127,"05/03/2009","Rd 675","Le pont chanart",87300,"Peyrat-de-Bellac","87116","Peyrat-de-Bellac","87","Nouvelle-Aquitaine","Régie",112908,5796280,1,"Géolocalisation manuelle",887,"Syndicat Mixte Departemental pour L Elimination des Dechets Menagers et Assimiles","04H","Syndicat mixte","19, Rue Cruveilhier","Bp 13 114",87031,"Limoges",555121287,555101127,80000,46.141743,1.035904
2016,5627,"Isdnd Ambert",473726772,473823717,"01/07/1985","le Poyet",,63600,"Ambert","63003","Ambert","63","Auvergne-Rhône-Alpes","Régie",417944,5708830,-1,"Centroïde de la commune",956,"Sivom d'Ambert","04B","SIVOM","Rue Anna Rodier",,63600,"Ambert",473823781,473823765,40000,45.51523,3.742427
2016,7052,"Isdnd Arcavi",324543257,,"01/07/1976","Cense Meunier","Route de Rocroi",8260,"Éteignières","08156","Éteignières","08","Grand-Est","Gestion privée",490808,6428530,0.783015,"Géolocalisation effectuée - Qualité insuffisante",5311,"Arcavi","05","Entreprises et artisans","Lieu Dit la Garoterie",,8160,"Chalandry-elaire",324378485,324564087,132000,49.903123,4.427766
2016,41296,"Isdnd Attainville",134061670,134061671,"01/01/2005","Chemin des Grands Fonds",,95570,"Attainville","95028","Attainville","95","Ile-de-France","Gestion privée",261909,6285170,-1,"Centroïde de la commune",5429,"Suez Recyclage et Valorisation - Sita Val'Horizon","05","Entreprises et artisans","25/25 Bis, Rd909, Cs 10009",,95335,"Domont",139353250,139919750,80000,49.048932,2.352058
2016,6954,"Isdnd Benac - Soval",562453532,562459997,"01/04/1972","Bois de Bécut",,65380,"Bénac","65080","Bénac","65","Occitanie","Gestion privée",6422.76,5335820,1,"Géolocalisation manuelle",5746,"Soval","05","Entreprises et artisans","Route Hibarette","Bois du Becut",65380,"Benac",562456097,562916422,100000,43.156306,0.057714
2016,6521,"Isdnd Berbiac",561696209,,"13/05/1998","Berbiac",,9500,"Manses","09180","Manses","09","Occitanie","Régie",201907,5325520,1,"Géolocalisation manuelle",822,"Smectom du Plantaurel","04H","Syndicat mixte","Las Plantos",,9120,"Varilhes",561680202,561695242,50000,43.088995,1.813501
2016,62664,"Isdnd Billy",231731289,231731385,"01/01/2000","le Mont Tornu",,14370,"Billy","14074","Billy*","14","Normandie","Gestion privée",-22253.3,6290130,-1,"Centroïde de la commune",7386,"Valnor","05","Entreprises et artisans","18/20  Rue Henri Rivière","Immeuble le Trident Bp 91013",76171,"Rouen Cedex 1",232085400,232085405,80000,,
2016,5451,"Isdnd Blaringhem",328439220,328432525,"01/05/1976","Lieu-dit les Prairies",,59173,"Blaringhem","59084","Blaringhem","59","Hauts-de-France","Gestion privée",269349,6564570,-1,"Centroïde de la commune",5087,"Baudelet Sas","05","Entreprises et artisans","Lieu Dit les Prairies",,59173,"Blaringhem",328439220,328432525,600000,50.691163,2.402433
2016,5846,"Isdnd Boves (veolia)",322095102,322096103,"01/02/1974","Cd 167",,80440,"Boves","80131","Boves","80","Hauts-de-France","Gestion privée",266117,6419560,1,"Géolocalisation effectuée - Qualité suffisante",3158,"Secode (Ikos)","05","Entreprises et artisans","Route de Sains",,80440,"Boves",322095102,322096103,200000,49.845273,2.390109
2016,46132,"Isdnd Bucy Saint Liphard",,,"01/11/2009","Csdu",,45140,"Bucy-Saint-Liphard","45059","Bucy-Saint-Liphard","45","Centre-Val de Loire","Gestion privée",195673,6097160,-1,"Centroïde de la commune",5318,"Soccoim (setrad)","05","Entreprises et artisans","Za les Pierrelets",,45380,"Chaingy",238466565,238466580,100000,47.935689,1.763845
2016,6745,"Isdnd Cannet-des-maures",494500222,494500224,"08/04/1974","Route de Saint Tropez",,83340,"Le Cannet-des-Maures","83031","Le Cannet-des-Maures","83","PACA","Gestion privée",708353,5367910,1,"Géolocalisation manuelle",5518,"Valteo","05","Entreprises et artisans","109 Rue Jean Aicard",,83300,"Draguignan",494505050,494508759,255000,43.372786,6.36715
2016,5827,"Isdnd Caupenne",558985757,558984988,"01/03/2005","815 route des partenses",,40250,"Caupenne","40078","Caupenne","40","Nouvelle-Aquitaine","Régie",-84025.5,5417280,-1,"Centroïde de la commune",1430,"Sietom de Chalosse","04H","Syndicat mixte","815 Route des Partenses",,40250,"Caupenne",558985757,558984988,46800,43.662617,-0.756931
2016,7007,"Isdnd Cauvicourt",231235831,231235866,"01/01/1997","Pôle Environnement de la Bruyère",,14190,"Cauvicourt","14145","Cauvicourt","14","Normandie","Gestion privée",-32564,6279410,-1,"Centroïde de la commune",56287,"Suez Rv Normandie (ex : Snn (sita Suez))","05","Entreprises et artisans","Rue de la Terre Adélie","Parc Edonia, Bâtiment T, Cs 86820",35760,"Saint-grégoire",223212300,223212310,300000,49.047322,-0.263357
2016,5524,"Isdnd Cayenne",594312786,594312786,"01/11/1994","Cayenne",,97300,"Cayenne","97302","Cayenne","973","Dom-Com","Gestion privée",-5824210,548472,-1,"Centroïde de la commune",3176,"Ets A Govindin","05","Entreprises et artisans","46, Av de la Liberte",,97300,"Cayenne",594307897,594311772,92000,4.921139,-52.320246
2016,5713,"Isdnd Celle-guenand",247949481,,"01/10/1978","Celle-guenand",,37350,"La Celle-Guenand","37044","La Celle-Guenand","37","Centre-Val de Loire","Régie",99609.9,5932780,-1,"Centroïde de la commune",5092,"Smictom du Sud Lochois","04H","Syndicat mixte","13, Rue Carnot",,37160,"Descartes",247929783,247929785,8000,46.943569,0.893681
2016,12987,"Isdnd Cet2-eroudeville- le Ham-ecausseville",233211769,233411952,"01/01/2004","4 Rue Saint Pierre",,50310,"Le Ham","50227","Le Ham","50","Normandie","Gestion privée",-156437,6353360,1,"Géolocalisation effectuée - Qualité suffisante",4026,"Spen Véolia Propreté","05","Entreprises et artisans","4, Rue Saint Pierre",,50310,"Ham",233211769,233411952,150000,49.455902,-1.409797
2016,7265,"Isdnd Champigny",386665520,386954105,"01/07/1982","Champigny",,89340,"Champigny","89074","Champigny","89","Bourgogne-Franche-Comté","Gestion privée",348884,6157450,-1,"Centroïde de la commune",5616,"Coved","05","Entreprises et artisans","3, Rue des Près de Lyon","Bp 4",10600,"Chapelle-saint-luc",325712400,325495411,50000,48.319153,3.126804
2016,5714,"Isdnd Chanceaux-pres-loches",247912850,247911990,"22/11/1990","la Baillaudière",,37600,"Chanceaux-près-Loches","37053","Chanceaux-près-Loches","37","Centre-Val de Loire","Gestion privée",104254,5964950,-1,"Centroïde de la commune",55976,"Coved 37","05","Entreprises et artisans","la Baillaudière",,37600,"Chanceaux-pres-loches",247912850,247911990,150000,47.13687,0.961184
2016,47957,"Isdnd Changé -la Cousinière",243596000,,"01/04/2003","la Cousinière","Parc d'Activité les Hêtres",53810,"Changé","53054","Changé","53","Pays de la Loire","Gestion privée",38002.2,6101360,0.647092,"Géolocalisation effectuée - Qualité insuffisante",2879,"Séché Eco-industries","05","Entreprises et artisans","les Hêtres","Cs 20020",53811,"Change",243596000,243596001,450000,48.125566,-0.850685
2016,5523,"Isdnd Chapelle-sur-oreuse",386974620,386976177,"01/07/1980","Chapelle-sur-oreuse",,89260,"La Chapelle-sur-Oreuse","89080","La Chapelle-sur-Oreuse","89","Bourgogne-Franche-Comté","Gestion privée",367092,6156080,-1,"Centroïde de la commune",5441,"Paprec Environnement Idf","05","Entreprises et artisans","7 Rue du Docteur Lancereaux",,75008,"Paris",142994328,142994324,60000,48.289131,3.307392
2016,5667,"Isdnd Chatenois",388929541,,"01/04/1979","Route de Saint-marie-aux-mines",,67730,"Châtenois","67073","Châtenois","67","Grand-Est","Régie",821608,6154170,-1,"Centroïde de la commune",1631,"Smictom d'Alsace Centrale","04H","Syndicat mixte","2, Rue des Vosges","Parc d'Activité Giessen",67750,"Scherwiller",388922719,388922701,20000,48.280115,7.389615
2016,5711,"Isdnd Chatillon-sur-indre",254386979,254386999,"01/01/1990","Chatillon-sur-indre",,36700,"Châtillon-sur-Indre","36045","Châtillon-sur-Indre","36","Centre-Val de Loire","Gestion privée",130743,5940920,-1,"Centroïde de la commune",2834,"Coved","05","Entreprises et artisans","275, Boulevard Marcel Paul",,44800,"Saint Herblain",247912854,247593297,70000,46.98707,1.173634
2016,5611,"Isdnd Chatuzange-le-goubet - Petits Pourcieux",475710675,,"09/07/1992","Papelissier,","810 Chemin des Taillandiers",26300,"Chatuzange-le-Goubet","26088","Chatuzange-le-Goubet","26","Auvergne-Rhône-Alpes","Gestion privée",567973,5622480,-1,"Centroïde de la commune",11831,"Veolia Proprete Rhin Rhône","05","Entreprises et artisans","Papelissier, 810 Chemin des Taillandiers",,26300,"CHATUZANGE LE GOUBET",475710675,475026449,185000,45.016604,5.125618
2016,108424,"Isdnd Chaumes en Retz",,,"01/01/2012","Route du Bignon - la Sicaudais","Chaumes en Retz",44320,"Arthon-en-Retz*","44005","Arthon-en-Retz*","44","Pays de la Loire","Marché de prestation de service",-217551,5967560,-1,"Centroïde de la commune",36588,"Geval (véolia Propreté)","05","Entreprises et artisans","Avenue Lotz Cossé","Bp 80132",44201,"Nantes Cédex 2",241969875,241969876,15800,47.182884,-1.944367
2016,6844,"Isdnd Chevilly",238915627,238755780,"06/11/1982","Lieu Dit les Chancellières","Route de Sainte Lyé la Forêt",45400,"Chanteau","45072","Chanteau","45","Centre-Val de Loire","Gestion privée",218778,6103340,-1,"Centroïde de la commune",5266,"Suez Rv Centre Ouest","05","Entreprises et artisans","Za de Conneuil","6, Rue Gaspard Monge",37270,"Montlouis-sur-loire",247358800,247358847,90000,47.963158,1.966905
2016,7324,"Isdnd Chezy",470467719,470445999,"01/07/1991","Rd 779","Lieu Dit Prends Y Garde",3230,"Chézy","03076","Chézy","03","Auvergne-Rhône-Alpes","Délégation de service public",385884,5879140,1,"Géolocalisation effectuée - Qualité suffisante",51722,"Coved Centre Est","05","Entreprises et artisans","33 Rue de Grillet",,3400,"Yzeure",470067283,470445999,65000,46.610705,3.466462
2016,6821,"Isdnd Claye-souilly",160270822,160270710,"28/09/1972","Angle Rn 3 - Cd 404",,77410,"Claye-Souilly","77118","Claye-Souilly","77","Ile-de-France","Gestion privée",304121,6267420,1,"Géolocalisation manuelle",5115,"Véolia Propreté - Routière de l'Est Parisien (Rep)","05","Entreprises et artisans","28, Boulevard de Pessaro",,92000,"Nanterre Cedex",155676000,139331600,1100000,48.941861,2.643621
2016,5663,"Isdnd Clermont-ferrand",473619810,473619757,"01/01/1959","Puy Long",,63000,"Clermont-Ferrand","63113","Clermont-Ferrand","63","Auvergne-Rhône-Alpes","Marché de prestation de service",345771,5746300,-1,"Centroïde de la commune",6736,"Veolia Proprete Onyx Auvergne Rhône Alpes","05","Entreprises et artisans","216 Avenue Jean Mermoz",,63039,"Clermont-ferrand Cedex",473983333,473983340,87000,45.762507,3.153554
2016,5628,"Isdnd Crepy-en-valois",344876310,344875435,"01/01/1978","Crepy-en-valois",,60800,"Crépy-en-Valois","60176","Crépy-en-Valois","60","Hauts-de-France","Gestion privée",322494,6315110,-1,"Centroïde de la commune",40966,"Suez Rv Idf","05","Entreprises et artisans","19-21 Rue Emile Duclaux",,92568,"Suresnes",140806714,140806721,120000,49.233833,2.887428
2016,5968,"Isdnd Curgies",327350375,327245322,"01/01/1971","Fort de Rochambeaux",,59990,"Curgies","59166","Curgies","59","Hauts-de-France","Gestion privée",401491,6502800,-1,"Centroïde de la commune",22966,"Suez Rv Nord Est","05","Entreprises et artisans","1 Rue Malfidano","Bâtiment 2",62950,"Noyelles-godault",321459110,,70000,50.328356,3.609218
2016,5754,"Isdnd Dannes",321332524,321304771,"13/01/1994","Rue des Tunnels",,62187,"Dannes","62264","Dannes","62","Hauts-de-France","Gestion privée",180804,6550090,1,"Géolocalisation effectuée - Qualité suffisante",22966,"Suez Rv Nord Est","05","Entreprises et artisans","1 Rue Malfidano","Bâtiment 2",62950,"Noyelles-godault",321459110,,120000,50.595884,1.62375
2016,6475,"Isdnd Drambon",380472040,380472041,"01/01/1998","Ecopôle des Grands Moulins",,21270,"Drambon","21233","Drambon","21","Bourgogne-Franche-Comté","Gestion privée",598789,5996780,-1,"Centroïde de la commune",6270,"Suez Rv Iws Minerals","05","Entreprises et artisans","Ecopole Grands Moulins",,21270,"Drambon",380472040,380472041,72000,47.32156,5.38671
2016,81487,"Isdnd Ecocentre la Tuilerie - Grisolles",323691022,323697250,"08/03/2010","2 Rue de la Tuilerie",,2210,"Grisolles","02356","Grisolles","02","Hauts-de-France","Marché de prestation de service",375766,6296900,-1,"Centroïde de la commune",7386,"Valnor","05","Entreprises et artisans","18/20  Rue Henri Rivière","Immeuble le Trident Bp 91013",76171,"Rouen Cedex 1",232085400,232085405,80000,49.125314,3.36724
2016,6995,"Isdnd Ecorpain",243358627,243358627,"26/02/1985","le Ganotin",,72120,"Écorpain","72125","Écorpain","72","Pays de la Loire","Délégation de service public",70794.5,6096880,-1,"Centroïde de la commune",26178,"Syner'val (veolia Recyclage et Valorisation des Déchets)","05","Entreprises et artisans","200 Bis Rue de l'Angevinière",,72027,"le Mans Cedex 2",243860150,243860250,11000,47.933446,0.60914
2016,6804,"Isdnd Embrun",642098835,,"01/01/1997","Embrun","Lieu-dit Pralong",5200,"Embrun","05046","Embrun","05","PACA","Marché de prestation de service",725307,5556520,1,"Géolocalisation manuelle",44388,"Valsud (veolia Proprete)","05","Entreprises et artisans","315 Avenue de l'Aérodrome",,5130,"Tallard",493536484,492537569,8550,44.564629,6.494324
2016,13151,"Isdnd Entraigues",490481182,490480730,"16/07/2001","Zac du Plan",,84320,"Entraigues-sur-la-Sorgue","84043","Entraigues-sur-la-Sorgue","84","PACA","Gestion privée",548701,5463220,1,"Géolocalisation manuelle",40484,"Suez Rv (vedène 84)","05","Entreprises et artisans","800 Av de Counoise","Cs 20220 Entraigues",84270,"Vedène",490481182,490480730,90000,43.986359,4.93147
2016,7107,"Isdnd Espira-de-l'agly",468383280,468385384,"01/01/1997","Mirandes Basses (les)","Route Départementale 117",66600,"Espira-de-l'Agly","66069","Espira-de-l'Agly","66","Occitanie","Gestion privée",314726,5281370,-1,"Centroïde de la commune",33669,"Svlr Groupe Veolia","05","Entreprises et artisans","Rd 117 - les Mirandes Basses",,66600,"Espira-de-l'agly",468383280,468385384,130000,42.775623,2.822928
2016,6541,"Isdnd Esquay-sur-Seulles",231222758,231222787,"22/07/1998","25 Route de Bayeux",,14400,"ESQUAY-SUR-SEULLES","14250","Esquay-sur-Seulles","14","Normandie","Gestion privée",-66858.6,6320670,-1,"Centroïde de la commune",5853,"Services Environnement Action","05","Entreprises et artisans","Quai de Normandie","Bp 126",14009,"Caen Cedex",231707180,231707185,65000,49.272866,-0.625719
2016,6750,"Isdnd Fare-les-oliviers",490454560,490454993,"01/01/1986","Chemin du Coussou Cd 19",,13580,"La Fare-les-Oliviers","13037","La Fare-les-Oliviers","13","PACA","Délégation de service public",580696,5399070,1,"Géolocalisation manuelle",33406,"Sma Vautubière Sas","05","Entreprises et artisans","Chemin du Coussou","Cd 19",13580,"La Fare-les-Oliviers",490454560,490454993,160000,43.572961,5.205905
2016,5856,"Isdnd Fauillet",553797211,553798331,"01/04/1993","Lieu dit lalanne de saint-Germain",,47400,"Fauillet","47095","Fauillet","47","Nouvelle-Aquitaine","Régie",32292,5531000,-1,"Centroïde de la commune",721,"Syndicat Mixte Intercommunal de Collecte et de Traitement des Ordures Ménagères Lot-garonne-baïse","04H","Syndicat mixte","17, Avenue du 11 Novembre",,47190,"Aiguillon",553798330,553798331,5000,44.432587,0.275627
2016,40886,"Isdnd Faverney",,,"03/10/2005","Favernay",,70160,"Faverney","70228","Faverney","70","Bourgogne-Franche-Comté","Gestion privée",677238,6068620,-1,"Centroïde de la commune",4909,"Suez Rv Centre Est","05","Entreprises et artisans","5, Rue de la Goulette","Bp 68",21850,"Saint-apollinaire",380729119,380731318,75000,47.767887,6.103345
2016,6871,"Isdnd Flavigny-le-grand-et-beaurain",323618301,323618304,"31/08/1998","Lieu-dit le Grand Royard",,2120,"Flavigny-le-Grand-et-Beaurain","02313","Flavigny-le-Grand-et-Beaurain","02","Hauts-de-France","Gestion privée",409092,6426720,-1,"Centroïde de la commune",33528,"Edifinord","05","Entreprises et artisans","Lieu-dit le Grand Royard",,2120,"Flavigny-le-grand-et-beaurain",323618301,323618304,100000,49.890812,3.663276
2016,79786,"Isdnd Fontaine-lès-clerval",,,"15/04/2008","la Grange Certier",,25340,"Fontaine-lès-Clerval","25246","Fontaine-lès-Clerval","25","Bourgogne-Franche-Comté","Gestion privée",721126,6011290,-1,"Centroïde de la commune",4909,"Suez Rv Centre Est","05","Entreprises et artisans","5, Rue de la Goulette","Bp 68",21850,"Saint-apollinaire",380729119,380731318,85000,47.409223,6.441188
2016,5738,"Isdnd Fouju",160699302,160699302,"01/01/1995","D215",,77390,"FOUJU","77195","Fouju","77","Ile-de-France","Gestion privée",307821,6205240,-1,"Centroïde de la commune",5115,"Véolia Propreté - Routière de l'Est Parisien (Rep)","05","Entreprises et artisans","28, Boulevard de Pessaro",,92000,"Nanterre Cedex",155676000,139331600,85000,48.588215,2.77895
2016,78201,"Isdnd Gardanne",,,"06/06/1986","Gardanne","la Malespine",13120,"Gardanne","13041","Gardanne","13","PACA","Gestion privée",611945,5381270,1,"Géolocalisation manuelle",5557,"Semag","05","Entreprises et artisans","1480 Avenue d'Arménie",,13120,"Gardanne",442657720,442657727,53000,43.454029,5.475256
2016,5798,"Isdnd Ginasservis",494801129,494041886,"26/07/1979","Ginasservis","Lieu-dit Pied de Chèvre",83560,"Ginasservis","83066","Ginasservis","83","PACA","Régie",653173,5416220,1,"Géolocalisation manuelle",4085,"Syndicat Intercommunal pour la Valorisation et l'Elimination des Dechets Nouvelle Génération","04","Structure intercommunale","Quartier de Paris Hall 5","174 Route de le Val Cs 70325",83175,"Brignoles",498052353,498052356,21600,43.670852,5.848042
2016,6778,"Isdnd Gournay",254061500,254061501,"01/02/1997","9, Montipeneau",,36230,"Gournay","36084","Gournay","36","Centre-Val de Loire","Gestion privée",193125,5876500,-1,"Centroïde de la commune",5101,"Seg","05","Entreprises et artisans","9, Montipeneau",,36230,"Gournay",254061500,254061501,85000,46.605307,1.741317
2016,6360,"Isdnd Grand'jean Saint-quentin-sur-isere",476271172,,"01/01/1972","Grand'jean","Grand'jean",38210,"Saint-Quentin-sur-Isère","38450","Saint-Quentin-sur-Isère","38","Auvergne-Rhône-Alpes","Gestion privée",616149,5664770,-1,"Centroïde de la commune",3115,"Lely Environnement","05","Entreprises et artisans","37 Rue Pierre Sémard","Bp 64",38602,"FONTAINE CEDEX",476271172,476530131,150000,45.278906,5.541025
2016,5521,"Isdnd Granges",385479388,385479434,"01/01/1980","la Teppe Pernin",,71390,"Granges","71225","Granges","71","Bourgogne-Franche-Comté","Gestion privée",529491,5899160,-1,"Centroïde de la commune",6596,"Véolia Propeté Valest - Granges","05","Entreprises et artisans","2 Chemin Juillet","la Teppe Pernin",71390,"Granges",385479388,385479434,130000,46.737088,4.757749
2016,6057,"Isdnd Gueltas",,,"30/10/1995","Branguily",,56920,"Gueltas","56072","Gueltas","56","Bretagne","Gestion privée",-313412,6121520,-1,"Centroïde de la commune",3095,"Sita Ouest","05","Entreprises et artisans","Pibs","Allée Gabriel Lippmann",56000,"Vannes",297267094,297262668,195000,48.08351,-2.835989
2016,6807,"Isdnd Guitrancourt",130935050,130935216,"25/06/1984","Route Départementale 190",,78440,"Issou","78314","Issou","78","Ile-de-France","Délégation de service public",199056,6272890,-1,"Centroïde de la commune",4279,"Sarp Industries","05","Entreprises et artisans","Zone Portuaire de Limay-porcheville","451 Route d'Azay",78520,"Limay",134972500,134772209,220000,48.987772,1.794884
2016,5786,"Isdnd Hasparren",559294062,559442645,"01/04/1996","Route de Pegna",,64240,"Hasparren","64256","Hasparren","64","Nouvelle-Aquitaine","Délégation de service public",-148568,5372170,-1,"Centroïde de la commune",39961,"Suez Rv Sud Ouest","05C","Industrie","31 Rue Thomas Edison","Cs 60072",33612,"Canéjan",557260202,557266052,72000,43.398536,-1.294107
2016,7198,"Isdnd Herbignac",240199070,,"02/07/1992","Kéraline",,44410,"Herbignac","44072","Herbignac","44","Pays de la Loire","Régie",-258106,6016130,-1,"Centroïde de la commune",4433,"Communauté d'Agglomération de la Presqu'île de Guérande Atlantique","04G","Communauté d'agglomération","3, Avenue des Noëlles","Bp 64",44503,"Baule-escoublac",251769616,251769620,8500,47.462304,-2.293215
2016,5454,"Isdnd Hersin-coupigny",321278707,321659740,"08/11/1977","Carrière Loisne",,62530,"Hersin-Coupigny","62443","Hersin-Coupigny","62","Hauts-de-France","Gestion privée",294047,6523680,-1,"Centroïde de la commune",22966,"Suez Rv Nord Est","05","Entreprises et artisans","1 Rue Malfidano","Bâtiment 2",62950,"Noyelles-godault",321459110,,500000,50.445375,2.616019
2016,6536,"Isdnd Isigny le Buat",233585010,233587291,"13/01/1998","la Butte",,50540,"Isigny-le-Buat","50256","Isigny-le-Buat","50","Normandie","Gestion privée",-131429,6211420,-1,"Centroïde de la commune",56287,"Suez Rv Normandie (ex : Snn (sita Suez))","05","Entreprises et artisans","Rue de la Terre Adélie","Parc Edonia, Bâtiment T, Cs 86820",35760,"Saint-grégoire",223212300,223212310,65000,48.6441,-1.196512
2016,6820,"Isdnd Isles-les-meldeuses",164355139,164354248,"01/01/1951","La Payelle",,77440,"ISLES-LES-MELDEUSES","77231","Isles-les-Meldeuses","77","Ile-de-France","Gestion privée",335817,6274570,-1,"Centroïde de la commune",5086,"Sabliere Capoulade","05","Entreprises et artisans","La Payelle",,77440,"ISLES-LES-MELDEUSES",164355139,164354248,220000,49.003224,3.029047
2016,6513,"Isdnd Jurassien de Courlaoux Csj",384353872,384353873,"06/04/1998","Courlaoux",,39570,"Courlaoux","39171","Courlaoux","39","Bourgogne-Franche-Comté","Régie",606445,5888060,-1,"Centroïde de la commune",5306,"Sydom Syndicat Départemental de Traitement des Om du Jura","04H","Syndicat mixte","350 Rue René Maire",,39000,"Lons le Saunier",384474441,384240147,32700,46.667201,5.460682
2016,6860,"Isdnd Lantic",,,"01/07/1980","Fontaine Trémargat",,22410,"Lantic","22117","Lantic","22","Bretagne","Marché de prestation de service",-324417,6208390,-1,"Centroïde de la commune",25397,"Cnim Ouest Armor","05","Entreprises et artisans","Site du Quelven",,22140,"Pluzunet",296359393,396359721,14000,48.590839,-2.916875
2016,7079,"Isdnd Lavaur",563418301,563419355,"01/01/1982","les Brugues",,81500,"Lavaur","81140","Lavaur","81","Occitanie","Délégation de service public",208232,5416990,1,"Géolocalisation manuelle",5299,"Coved","05","Entreprises et artisans","777 Avenue des Terres Noires",,81370,"Saint-sulpice",563418301,563419355,75000,43.676974,1.735299
2016,5679,"Isdnd Lewarde",327873616,327970925,"13/11/1989","636 Rue Dervaux",,59287,"Lewarde","59345","Lewarde","59","Hauts-de-France","Gestion privée",352921,6505880,-1,"Centroïde de la commune",22966,"Suez Rv Nord Est","05","Entreprises et artisans","1 Rue Malfidano","Bâtiment 2",62950,"Noyelles-godault",321459110,,160000,50.340432,3.173546
2016,7204,"Isdnd Liancourt-saint-pierre",344491656,344490079,"01/01/2001","Liancourt-saint-pierre",,60240,"Liancourt-Saint-Pierre","60361","Liancourt-Saint-Pierre","60","Hauts-de-France","Gestion privée",212602,6314780,-1,"Centroïde de la commune",40966,"Suez Rv Idf","05","Entreprises et artisans","19-21 Rue Emile Duclaux",,92568,"Suresnes",140806714,140806721,100000,49.234328,1.907185
2016,7133,"Isdnd Louroux-beconnais",241774514,,"01/01/1988","la Courterie",,49370,"Le Louroux-Béconnais","49183","Le Louroux-Béconnais*","49","Pays de la Loire","Régie",-100071,6026940,-1,"Centroïde de la commune",2237,"Syctom du Loire Beconnais et Ses Environs","04H","Syndicat mixte","2 Place de la Mairie",,49370,"le Louroux Beconnais",241774926,,9000,47.488107,-0.882061
2016,5499,"Isdnd Maillet",470067283,470067230,"01/01/1974","Lieu Dit Villenue",,3190,"Maillet*","03158","Maillet*","03","Auvergne-Rhône-Alpes","Gestion privée",296812,5860000,-1,"Centroïde de la commune",5497,"Coved","05","Entreprises et artisans","Lieu-dit Villenue",,3190,"Maillet",470067283,470067230,90000,46.474732,2.638501
2016,65267,"Isdnd Martigues",442454298,,"01/11/2008","Vallon du Fou","Chemin des Olives - Lavéra",13500,"Martigues","13056","Martigues","13","PACA","Régie",560595,5370020,1,"Géolocalisation manuelle",57013,"Métropole Aix-marseille Provence","04I","Métropole","le Pharo","58, Boulevard Charles-livon",13007,"Marseille",491135600,491135601,70000,43.38264,5.041364
2016,106175,"Isdnd Mendixka",559192290,559442645,"22/09/2014","Lieu-Dit ""larrascacoplaça""",,64130,"Charritte-de-Bas","64187","Charritte-de-Bas","64","Nouvelle-Aquitaine","Régie",-98657.7,5356980,1,"Géolocalisation effectuée - Qualité suffisante",17018,"Syndicat Bil Ta Garbi","04H","Syndicat mixte","7 Rue Joseph Latxague","Bp 28555",64185,"Bayonne",559442644,559442645,16000,43.29156,-0.89578
2016,5782,"Isdnd Miremont",473797041,473797589,"28/10/1983","le Milliazeix",,63380,"Miremont","63228","Miremont","63","Auvergne-Rhône-Alpes","Marché de prestation de service",301731,5765100,-1,"Centroïde de la commune",1526,"Sictom de Pontaumur-Pontgibaud","04A","SIVU","Rue du Commerce",,63230,"Pontgibaud",473731683,473731705,15000,45.931099,2.719077
2016,5855,"Isdnd Monflanquin",553365521,553798626,"01/01/1980","Lieu dit l'Albié",,47150,"Monflanquin","47175","Monflanquin","47","Nouvelle-Aquitaine","Régie",84158.4,5544830,-1,"Centroïde de la commune",41498,"Valorizon","04H","Syndicat mixte","17, Avenue du 11 Novembre",,47190,"Aiguillon",553799161,553798626,29000,44.493028,0.762555
2016,5606,"Isdnd Monistrol-sur-loire",471756030,471756031,"01/01/1977","Perpezoux",,43120,"Monistrol-sur-Loire","43137","Monistrol-sur-Loire","43","Auvergne-Rhône-Alpes","Marché de prestation de service",466445,5666480,-1,"Centroïde de la commune",4783,"Moulin Sa","05","Entreprises et artisans","Za du Rousset",,43120,"Monistrol-sur-loire",471756030,471756031,23000,45.279577,4.224328
2016,7022,"Isdnd Montech",563231300,563231309,"18/04/1988","3525 Route de Lavilledieu",,82700,"Montech","82125","Montech","82","Occitanie","Gestion privée",136890,5463890,1,"Géolocalisation manuelle",5355,"Drimm Sas","05","Entreprises et artisans","3525, Route de la Ville Dieu","Bp 19",82700,"MONTECH",563231300,563231309,325000,43.96786,1.233181
2016,5673,"Isdnd Monthyon",139331500,139331600,"28/10/1964","Rn 330","la Croix Gillet",77122,"MONTHYON","77309","Monthyon","77","Ile-de-France","Gestion privée",315354,6276500,-1,"Centroïde de la commune",5115,"Véolia Propreté - Routière de l'Est Parisien (Rep)","05","Entreprises et artisans","28, Boulevard de Pessaro",,92000,"Nanterre Cedex",155676000,139331600,100000,49.007188,2.826412
2016,6990,"Isdnd Montmirail",243719911,243719799,"01/07/1978","les Vaugarniers",,72320,"Montmirail","72208","Montmirail","72","Pays de la Loire","Gestion privée",86005.4,6124780,-1,"Centroïde de la commune",5326,"Nci Environnement","05","Entreprises et artisans","4 Rte Allonnes","Zi Sud",72100,"Mans",243502510,243502515,90000,48.108508,0.766049
2016,5464,"Isdnd Montreuil-sur-barse",325412905,325415191,"18/06/1986","Côte de la Beuverie",,10270,"Montreuil-sur-Barse","10255","Montreuil-sur-Barse","10","Grand-Est","Gestion privée",477625,6143130,-1,"Centroïde de la commune",26880,"Véolia Propeté Valest Metz","05","Entreprises et artisans","76 Avenue A Malraux",,57000,"Metz",387651600,387651650,100000,48.216031,4.271914
2016,94940,"Isdnd Mur-de-sologne",254839572,,"02/03/2011","Za de l'Aumône",,41230,"Mur-de-Sologne","41157","Mur-de-Sologne","41","Centre-Val de Loire","Gestion privée",178284,6011610,-1,"Centroïde de la commune",5318,"Soccoim (setrad)","05","Entreprises et artisans","Za les Pierrelets",,45380,"Chaingy",238466565,238466580,45000,47.428781,1.560153
2016,6454,"Isdnd Naujac-sur-mer",,556581810,"01/09/1990","1 rue de la grange",,33990,"Naujac-sur-Mer","33300","Naujac-sur-Mer","33","Nouvelle-Aquitaine","Régie",-118996,5662290,-1,"Centroïde de la commune",2114,"Syndicat Medocain Intercom pour la Collecte et le Traitement des Ordures Menageres en Medoc","04H","Syndicat mixte","20 Zone d'Activité du Treytin",,33112,"Saint-laurent-medoc",556732740,556732741,35000,45.281453,-0.996412
2016,5858,"Isdnd Nicole",553794905,553798626,"01/12/1980","104 Rd 813 Bp 69",,47190,"Nicole","47196","Nicole","47","Nouvelle-Aquitaine","Régie",37554.3,5516610,-1,"Centroïde de la commune",41498,"Valorizon","04H","Syndicat mixte","17, Avenue du 11 Novembre",,47190,"Aiguillon",553799161,553798626,30000,44.323849,0.334935
2016,5842,"Isdnd Nurlu",322868262,322830736,"12/08/1984","Rd 917","les Phosphatières",80240,"Nurlu","80601","Nurlu","80","Hauts-de-France","Marché de prestation de service",335656,6446460,-1,"Centroïde de la commune",5914,"Coved","05","Entreprises et artisans","Zi les Prés Loribes","Bp 50199",59503,"Douai",327088510,327895121,72000,50.00669,3.019511
2016,6341,"Isdnd Orange",,,"15/11/1994","Chemin de la Palud",,84100,"Orange","84087","Orange","84","PACA","Gestion privée",539247,5483780,1,"Géolocalisation manuelle",5519,"Delta Dechets","05","Entreprises et artisans","Chemin de la Palud",,84100,"Orange",490348043,490518157,150000,44.121004,4.845453
2016,5792,"Isdnd Orthez",964406473,559677927,"07/12/1989","Route de bonnut",,64300,"Orthez","64430","Orthez","64","Nouvelle-Aquitaine","Régie",-86232.9,5387570,-1,"Centroïde de la commune",53309,"Communauté de Communes de Lacq-Orthez","04E","Communauté de communes","Rond Point des Chênes","Bp 73",64150,"Mourenx",559600346,,5000,43.519301,-0.755007
2016,6739,"Isdnd Orval",248963804,248963804,"15/07/2000","le Champ du Balai",,18200,"Orval","18172","Orval","18","Centre-Val de Loire","Gestion privée",274669,5896940,-1,"Centroïde de la commune",5266,"Suez Rv Centre Ouest","05","Entreprises et artisans","Za de Conneuil","6, Rue Gaspard Monge",37270,"Montlouis-sur-loire",247358800,247358847,40000,46.71439,2.454138
2016,5776,"Isdnd Palais",,,"01/01/1974","Lieu-dit Chubiguer",,56360,"Le Palais","56152","Le Palais","56","Bretagne","Marché de prestation de service",-356484,6000380,0.901875,"Géolocalisation effectuée - Qualité suffisante",5010,"Coved","05","Entreprises et artisans","Rue Louis Braille","Impasse Surcouf - Za Atlantheix",56450,"Theix",297545212,297543817,3500,47.346262,-3.155951
2016,5828,"Isdnd Pavie",562612515,562612545,"01/01/1997","Chemin du Plan de Terraube",,32550,"Pavie","32307","Pavie","32","Occitanie","Régie",66048.6,5405150,0.367374,"Géolocalisation effectuée - Qualité insuffisante",4654,"Trigone","04H","Syndicat mixte","Rue Jacqueline Auriol","Zone de Lamothe - Cs 40509",32021,"AUCH",562612515,562622545,40000,43.622286,0.624231
2016,6443,"Isdnd Pennes-mirabeau (jas de Rhodes)",491510216,491511263,"25/05/1999","2449 Avenue du Capitaine Corvette Paul Brutus",,13170,"Les Pennes-Mirabeau","13071","Les Pennes-Mirabeau","13","PACA","Gestion privée",590646,5371720,1,"Géolocalisation manuelle",3169,"Suez Rv Méditerranée (sita Sud)","05","Entreprises et artisans","Rue du Capitaine de Corvette Paul Brutus",,13170,"les Pennes Mirabeau",491511222,491034492,250000,43.398236,5.326552
2016,6806,"Isdnd Pierrefeu-du-var",494482719,494282136,"01/01/1965","Roumagayrol",,83390,"Pierrefeu-du-Var","83091","Pierrefeu-du-Var","83","PACA","Gestion privée",691554,5346840,1,"Géolocalisation manuelle",57264,"Azur Valorisation","05","Entreprises et artisans","109 Rue Jean Aicard",,83300,"Draguignan",494505050,494282136,125000,43.22419,6.144814
2016,6858,"Isdnd Plessis-gassot",139888858,139338209,"23/11/1971","Cd 10 Route d'Ecouen",,95720,"BOUQUEVAL","95492","Le Plessis-Gassot","95","Ile-de-France","Gestion privée",269154,6280840,-1,"Centroïde de la commune",5115,"Véolia Propreté - Routière de l'Est Parisien (Rep)","05","Entreprises et artisans","28, Boulevard de Pessaro",,92000,"Nanterre Cedex",155676000,139331600,950000,49.033611,2.413935
2016,7136,"Isdnd Poiteviniere",241564666,,"10/03/1990","le Bois Archambault","la Poitevinière",49510,"Beaupréau","49243","La Poitevinière*","49","Pays de la Loire","Gestion privée",-110331,5975120,0.966667,"Géolocalisation effectuée - Qualité suffisante",5258,"Brangeon Services","05","Entreprises et artisans","7 Route de Montjean","Cs 80046, la Pommeraye",49620,"Mauges sur Loire",241721155,241724059,90000,,
2016,5789,"Isdnd Precilhon",559361621,559985833,"01/02/2005","Précilhon",,64400,"Précilhon","64460","Précilhon","64","Nouvelle-Aquitaine","Régie",-64011.8,5341510,-1,"Centroïde de la commune",3939,"Valor Béarn Smtd","04H","Syndicat mixte","2 Bis, Place Royale - Bp 547","Hotel de France",64010,"Pau",559985832,,30000,43.194379,-0.581257
2016,7057,"Isdnd Rennes",,,"12/05/1993","Rennes",,35067,"Rennes","35238","Rennes","35","Bretagne","Marché de prestation de service",-187305,6125910,-1,"Centroïde de la commune",23467,"Charier Déchets Valorisation","05","Entreprises et artisans","Eci Ecosite de la Croix Irtelle",,56250,"La Vraie-Croix",297672902,297675287,20000,,
2016,6204,"Isdnd Retzwiller",389072551,389251706,"04/07/1977","Rue de la Cité","Lieu Dit de l'Espen",68210,"Retzwiller","68268","Retzwiller","68","Grand-Est","Gestion privée",789129,6045260,-1,"Centroïde de la commune",6704,"Suez Rv Nord Est","05","Entreprises et artisans","17 Rue de Copenhague",,67300,"Schiltigheim",326846800,326846839,92000,47.631441,7.099544
2016,5508,"Isdnd Roussas",660115005,,"01/01/1997","Isdnd Roussas - 325 Combe Jaillet",,26230,"Roussas","26284","Roussas","26","Auvergne-Rhône-Alpes","Gestion privée",533312,5533880,-1,"Centroïde de la commune",24516,"Coved - Roussas","05","Entreprises et artisans","325 Combe Jaillet",,26230,"Roussas",475006594,475019701,100000,44.452173,4.761867
2016,49367,"Isdnd Réversible de Bimont",321812796,321812781,"01/01/2007","la Ramonière",,62650,"Bimont","62134","Bimont","62","Hauts-de-France","Gestion privée",213165,6542260,-1,"Centroïde de la commune",36125,"Ikos Environnement","05","Entreprises et artisans","Lieu Dit la Ramoniere",,62650,"Bimont",321812796,321812781,90000,50.550398,1.913933
2016,7351,"Isdnd Saint Florentin",386437040,,"01/05/1993","Avrolles - Duchy",,89600,"Saint-Florentin","89345","Saint-Florentin","89","Bourgogne-Franche-Comté","Gestion privée",412618,6105890,-1,"Centroïde de la commune",55819,"Coved","05","Entreprises et artisans","Duchy Avrolles",,89600,"Saint-florentin",386437040,386650561,70000,48.004593,3.676614
2016,7141,"Isdnd Saint-aignan-des-gues",238582570,,"02/04/1980","Lieu Dit la Plaine",,45460,"Saint-Aignan-des-Gués*","45267","Saint-Aignan-des-Gués*","45","Centre-Val de Loire","Marché de prestation de service",259642,6079940,-1,"Centroïde de la commune",50876,"Terralia","05","Entreprises et artisans","7, Rue du Dr Lancereaux",,75008,"Paris 8e  Arrondissement",142994359,142994324,30000,,
2016,5472,"Isdnd Saint-aubin",325390805,325390409,"01/01/1974","Lieu-dit la Gloriette","Route de Nogent",10400,"Saint-Aubin","10334","Saint-Aubin","10","Grand-Est","Gestion privée",395586,6187460,-1,"Centroïde de la commune",6704,"Suez Rv Nord Est","05","Entreprises et artisans","17 Rue de Copenhague",,67300,"Schiltigheim",326846800,326846839,90000,48.49002,3.544647
2016,105901,"Isdnd Saint-christophe-du-ligneron",251399185,251395947,"15/12/2011","Lieu Dit l'Ardoisière",,85670,"Saint-Christophe-du-Ligneron","85204","Saint-Christophe-du-Ligneron","85","Pays de la Loire","Marché de prestation de service",-196836,5912740,0.781088,"Géolocalisation effectuée - Qualité insuffisante",56514,"Véolia Propreté Recyclage Valorisation des Déchets","05","Entreprises et artisans","Société Geval","Lieu Dit Lardoisière",85670,"Saint-christophe-du-ligneron",251399185,251395947,23400,46.838803,-1.738295
2016,22084,"Isdnd Saint-etienne-sur-chalaronne",472688259,,"16/06/1981","Champ Cocard",,1140,"Saint-Étienne-sur-Chalaronne","01351","Saint-Étienne-sur-Chalaronne","01","Auvergne-Rhône-Alpes","Marché de prestation de service",541652,5803600,-1,"Centroïde de la commune",5785,"Serpol","05","Entreprises et artisans","2 Chemin du Génie","Bp 80",69633,"VENISSIEUX CEDEX",478703355,478702720,15000,46.146103,4.865761
2016,5900,"Isdnd Saint-flour",471609154,471609144,"01/01/1975","les Cramades",,15100,"Saint-Flour","15187","Saint-Flour","15","Auvergne-Rhône-Alpes","Régie",341632,5625360,-1,"Centroïde de la commune",27519,"Syndicat des Territoires de l'Est Cantal","04H","Syndicat mixte","Zone du Rozier Coren","Village d'Enrteprises",15100,"Saint-flour",471607264,471607209,25000,45.050011,3.099113
2016,7014,"Isdnd Saint-fraimbault-de-prieres",243041565,243044607,"01/01/1977","Guelaintain",,53300,"Saint-Fraimbault-de-Prières","53216","Saint-Fraimbault-de-Prières","53","Pays de la Loire","Gestion privée",-63895.9,6164970,-1,"Centroïde de la commune",56287,"Suez Rv Normandie (ex : Snn (sita Suez))","05","Entreprises et artisans","Rue de la Terre Adélie","Parc Edonia, Bâtiment T, Cs 86820",35760,"Saint-grégoire",223212300,223212310,120000,48.348744,-0.582069
2016,6724,"Isdnd Saint-fromond",233774127,233774127,"28/09/2000","Beauchêne",,50620,"Saint-Fromond","50468","Saint-Fromond","50","Normandie","Régie",-123416,6313200,-1,"Centroïde de la commune",1296,"Syndicat Mixte du Point Fort","04H","Syndicat mixte","Point Fort Environnement","Hôtel Bled",50620,"Cavigny",233778700,233778709,70000,49.220196,-1.091775
2016,5721,"Isdnd Saint-just-malmont",477356964,477350298,"01/10/1983","Saint-just-malmont","le Combau",43240,"Saint-Just-Malmont","43205","Saint-Just-Malmont","43","Auvergne-Rhône-Alpes","Régie",481634,5675700,-1,"Centroïde de la commune",1560,"Sictom Velay Pilat","04H","Syndicat mixte","Zone d'Activité la Font du Loup","Bp16",43240,"Saint Just Malmont",477356964,477350298,15000,45.338794,4.312576
2016,5893,"Isdnd Saint-laurent-des-hommes",553804274,553455499,"01/01/1975","Seneuil",,24400,"Saint-Laurent-des-Hommes","24436","Saint-Laurent-des-Hommes","24","Nouvelle-Aquitaine","Régie",28027.7,5628310,-1,"Centroïde de la commune",758,"Syndicat Mixte Departemental des Déchets de la Dordogne","04H","Syndicat mixte","la Rampinsolle",,24660,"Coulounieix-chamiers",553455890,553455499,75000,45.052744,0.214465
2016,6830,"Isdnd Saint-maximin",344245049,,"28/02/1985","Route de Gouvieux",,60740,"Saint-Maximin","60589","Saint-Maximin","60","Hauts-de-France","Gestion privée",273565,6313350,-1,"Centroïde de la commune",5917,"Suez Recyclage et Valorisation - Sita Idf","05","Entreprises et artisans","19 Rue Emile Duclaux","Cs 10001",92268,"Suresnes Cedex",140806714,140806721,200000,49.21638,2.450035
2016,6084,"Isdnd Saint-palais",248660277,248660277,"12/03/1997","Plaine de Miterrand","D20",18110,"Saint-Palais","18229","Saint-Palais","18","Centre-Val de Loire","Gestion privée",267818,5982720,-1,"Centroïde de la commune",5318,"Soccoim (setrad)","05","Entreprises et artisans","Za les Pierrelets",,45380,"Chaingy",238466565,238466580,90000,47.234145,2.421226
2016,7279,"Isdnd Saint-pierre",,,"01/07/1987","Rivière Saint Etienne",,97410,"Saint-Pierre","97416","Saint-Pierre","974","Dom-Com","Régie",6174650,-2428740,-1,"Centroïde de la commune",56350,"Syndicat Mixte de Traitement des Déchets de la Réunion Sud et Ouest","04H","Syndicat mixte","17 Chemin de Joli-fonds","Basse-terre",97410,"Saint-pierre",262712818,262712822,240000,-21.312457,55.493952
2016,6965,"Isdnd Saint-sauves-d'auvergne",473218576,473218576,"01/06/1981","les Ballusseaux",,63950,"Saint-Sauves-d'Auvergne","63397","Saint-Sauves-d'Auvergne","63","Auvergne-Rhône-Alpes","Marché de prestation de service",299543,5718120,-1,"Centroïde de la commune",659,"Smctom de la Haute-dordogne","04H","Syndicat mixte","20 Route de Clermont",,63760,"Bourg-lastic",473218846,473218951,10500,45.6196,2.727087
2016,108653,"Isdnd Sainte-bazeille",,,,"Lieu Dit les Aumonts","Bp 23",47180,"Sainte-Bazeille","47233","Sainte-Bazeille","47","Nouvelle-Aquitaine",,8978.7,5550680,0.716766,"Géolocalisation effectuée - Qualité insuffisante",42829,"Tri Garonne Environnement","05","Entreprises et artisans","Lieu Dit les Aumonts","Bp 23",47180,"Sainte-Bazeille",553848138,553848139,0,44.548472,0.079
2016,105902,"Isdnd Sainte-flaive-des-loups",,,"06/12/2011","les Boules",,85150,"Sainte-Flaive-des-Loups","85211","Sainte-Flaive-des-Loups","85","Pays de la Loire","Marché de prestation de service",-173836,5878270,0.547238,"Géolocalisation effectuée - Qualité insuffisante",23467,"Charier Déchets Valorisation","05","Entreprises et artisans","Eci Ecosite de la Croix Irtelle",,56250,"La Vraie-Croix",297672902,297675287,28000,46.640097,-1.553237
2016,77303,"Isdnd Sainte-rose",590571060,590571069,"20/08/2009","Lieu Dit l'Esperance",,97115,"Sainte-Rose","97129","Sainte-Rose","971","Dom-Com","Gestion privée",-6869640,1838720,-1,"Centroïde de la commune",31892,"Sita Espérance - Verde","05","Entreprises et artisans","40 Rue Joseph Cugnot","Zone Industrielle de Jarry",97122,"Baie Mahault",590571060,590571069,140000,16.328142,-61.71031
2016,7277,"Isdnd Sainte-suzanne",,,"01/12/1993","5 Chemin Drozin",,97441,"SAINTE-SUZANNE","97420","Sainte-Suzanne","974","Dom-Com","Gestion privée",6189590,-2385930,-1,"Centroïde de la commune",29517,"Star Sovidenge","05","Entreprises et artisans","5, rue de la Pépinière","ZAE de la Mare",97438,"SAINTE-MARIE (La Réunion)",262484880,262720914,250000,-20.921125,55.59762
2016,6486,"Isdnd Sauvigny-le-bois",386344428,386316039,"08/11/1999","Montjalin",,89200,"Sauvigny-le-Bois","89378","Sauvigny-le-Bois","89","Bourgogne-Franche-Comté","Gestion privée",441049,6025960,-1,"Centroïde de la commune",6632,"Sita Centre Est (sauvigny-le-bois 89)","05","Entreprises et artisans","Montjalin",,89200,"Sauvigny-le-bois",386344428,386316039,63420,47.520792,3.981625
2016,6209,"Isdnd Seguiniere",241637613,241637611,"01/01/1997","la Cachotière",,49280,"La Séguinière","49332","La Séguinière","49","Pays de la Loire","Gestion privée",-105964,5956330,-1,"Centroïde de la commune",5472,"Sas Cet Bouyer Leroux","05","Entreprises et artisans","Bp 5","l'Etablere",49280,"Seguiniere",241637613,241637611,50000,47.062221,-0.939764
2016,7312,"Isdnd Septemes-les-vallons",491658321,491658325,"01/01/1976","Chemin du Vallon d'Ol","Lieu Dit la Montagne",13240,"Septèmes-les-Vallons","13106","Septèmes-les-Vallons","13","PACA","Gestion privée",600434,5371070,1,"Géolocalisation manuelle",5562,"Val Sud - Onyx","05","Entreprises et artisans","Chemin du Vallon d'Ol","Lieu Dit la Montagne",13240,"SEPTEMES-LES-VALLONS",491658321,491658325,250000,43.38642,5.394295
2016,5920,"Isdnd Sommauthe",324300952,,"29/10/1979","Lieux-dits la Tuilerie et les Clairs Chênes","Route de Beaumont",8240,"Sommauthe","08424","Sommauthe","08","Grand-Est","Gestion privée",555288,6360620,-1,"Centroïde de la commune",6704,"Suez Rv Nord Est","05","Entreprises et artisans","17 Rue de Copenhague",,67300,"Schiltigheim",326846800,326846839,150000,49.504461,4.995037
2016,7032,"Isdnd Sonzay",,,"21/08/1985","le Bois du Signal",,37360,"Sonzay","37249","Sonzay","37","Centre-Val de Loire","Gestion privée",53992.4,6026080,-1,"Centroïde de la commune",5266,"Suez Rv Centre Ouest","05","Entreprises et artisans","Za de Conneuil","6, Rue Gaspard Monge",37270,"Montlouis-sur-loire",247358800,247358847,150000,47.503505,0.466439
2016,77927,"Isdnd Sorbiers",,,"01/03/2011","Sorbiers",,5150,"Sorbiers","05169","Sorbiers","05","PACA","Marché de prestation de service",620162,5520920,1,"Géolocalisation manuelle",11781,"Gros Environnement","05","Entreprises et artisans","46 Avenue du Docteur Tagnard",,38350,"LA MURE D'ISERE",476811653,476810872,7000,44.374034,5.561948
2016,6740,"Isdnd St Hilaire de Court",248514016,248514017,"28/11/2000","Route de Saint Georges sur la Prée",,18100,"Saint-Hilaire-de-Court","18214","Saint-Hilaire-de-Court","18","Centre-Val de Loire","Gestion privée",223572,5975640,-1,"Centroïde de la commune",5878,"Sodec","05","Entreprises et artisans","147 Route des 4 Vents",,18000,"Bourges",248243075,248020745,40000,47.206493,2.019448
2016,40691,"Isdnd Tallud Sainte Gemme",251004338,251502339,"01/12/2005","Site de la Chevrenière",,85390,"Tallud-Sainte-Gemme","85287","Tallud-Sainte-Gemme","85","Pays de la Loire","Marché de prestation de service",-100252,5892530,-1,"Centroïde de la commune",29508,"Seche Environnement Ouest","05","Entreprises et artisans","les Hêtres",,53811,"Change",243596000,243596061,30000,46.714262,-0.861071
2016,5733,"Isdnd Thieulloy l'Abbaye",322903660,322901059,"01/07/1983","Chemin Rural N°3","les Corbières",80640,"Thieulloy-l'Abbaye","80754","Thieulloy-l'Abbaye","80","Hauts-de-France","Régie",216803,6415170,-1,"Centroïde de la commune",4087,"Smirtom Ouest Picardie (trinoval)","04H","Syndicat mixte","Chemin Rural N°3",,80640,"Thieulloy-l'abbaye",322903660,322901059,30000,49.826403,1.940319
2016,5980,"Isdnd Treffieux",240514539,,"01/07/1995","les Brieulles - Route de Lusanger",,44170,"Treffieux","44208","Treffieux","44","Pays de la Loire","Marché de prestation de service",-170248,6042880,-1,"Centroïde de la commune",52161,"Coved Région Ouest","05","Entreprises et artisans","les Brieulles","Route de Lusanger",44170,"Treffieux",240514539,240514274,36000,47.630998,-1.545946
2016,77929,"Isdnd Valensole",492746368,492756208,"22/05/2007","Cd 6 Vallon Serraires",,4210,"Valensole","04230","Valensole","04","PACA","Gestion privée",652493,5435920,1,"Géolocalisation manuelle",38828,"Csdu 04","05","Entreprises et artisans","Cd 6 Vallon des Serraires",,4210,"Valensole",492746368,492756208,65000,43.842104,5.99271
2016,13127,"Isdnd Ventavon",492441991,492664557,"01/07/2003","Centr Stock Dech Ult Beynon",,5300,"Ventavon","05178","Ventavon","05","PACA","Gestion privée",659157,5519530,1,"Géolocalisation manuelle",2873,"Alpes Assainissement","05","Entreprises et artisans","315 Avenue de l'Aérodrome",,5130,"Tallard",492536484,492537569,100000,44.344448,5.915907
2016,106646,"Isdnd Vert-le-grand 3 (mont-mâle)",,,"01/01/2015","Ecosite le Vert le Grand","Bp 2",91810,"Vert-le-Grand","91648","Vert-le-Grand","91","Ile-de-France",,263007,6204380,-1,"Centroïde de la commune",5060,"Semardel","05","Entreprises et artisans","Ecosite le Vert le Grand","BP 2",91810,"VERT-LE-GRAND",164567500,164560911,330000,48.572081,2.357493
2016,40821,"Isdnd Vic-de-chassenay",380963621,380963581,"04/01/2008","Coved","Lieu Dit Terre au Seigneur",21140,"Vic-de-Chassenay","21676","Vic-de-Chassenay","21","Bourgogne-Franche-Comté","Gestion privée",474961,6019480,-1,"Centroïde de la commune",23504,"Ecopole Services (coved)","05F","Services","Lieu Dit Terre au Seigneur",,21140,"Vic-de-chassenay",380963621,380963581,55400,47.472687,4.265296
2016,6989,"Isdnd Villefranche-de-rouergue",565452215,,"26/10/1981","Solozard",,12200,"Villefranche-de-Rouergue","12300","Villefranche-de-Rouergue","12","Occitanie","Régie",226577,5519730,1,"Géolocalisation manuelle",7321,"Sydom Aveyron","04H","Syndicat mixte","3, Place de la Mairie",,12510,"OLEMPS",565683449,565683441,20000,44.351892,2.033987
2016,6819,"Isdnd Villeherviers",254888305,254762452,"02/04/1971","Villeherviers",,41200,"Villeherviers","41282","Villeherviers","41","Centre-Val de Loire","Gestion privée",202588,6000770,-1,"Centroïde de la commune",5266,"Suez Rv Centre Ouest","05","Entreprises et artisans","Za de Conneuil","6, Rue Gaspard Monge",37270,"Montlouis-sur-loire",247358800,247358847,50000,47.36531,1.796868
2016,5519,"Isdnd Weitbruch",388721476,,"02/06/1983","Weitbruch",,67500,"Weitbruch","67523","Weitbruch","67","Grand-Est","Régie",866018,6234220,-1,"Centroïde de la commune",966,"Smitom Haguenau- Saverne","04H","Syndicat mixte","2 Rue du Clausenhof","Bp 20364",67507,"Haguenau Cedex",388720447,388726171,25000,48.756216,7.777444
2016,7006,"Isdnd Wintzenbach",388861822,388861822,"09/11/1977","WINTZENBACH",,67470,"WINTZENBACH","67541","Wintzenbach","67","Grand-Est","Délégation de service public",902527,6263450,-1,"Centroïde de la commune",6704,"Suez Rv Nord Est","05","Entreprises et artisans","17 Rue de Copenhague",,67300,"Schiltigheim",326846800,326846839,35000,48.934691,8.102934
2016,41682,"Isdnd Zaluaga Bi",559541795,559261798,"02/01/2005","Chemin de zaia",,64310,"Saint-Pée-sur-Nivelle","64495","Saint-Pée-sur-Nivelle","64","Nouvelle-Aquitaine","Régie",-173441,5364930,-1,"Centroïde de la commune",1527,"Syndicat Mixte Bizi Garbia","04H","Syndicat mixte","Site de Zaluaga","Chemin de Zaia",64310,"Saint Pée sur Nivelle",559510969,559261798,50000,43.382445,-1.572201
2016,6897,"Isdnd d'Aboncourt",382821251,,"01/07/1977","Centre d'Enfouissement",,57920,"Aboncourt","57001","Aboncourt","57","Grand-Est","Marché de prestation de service",707326,6318000,-1,"Centroïde de la commune",5517,"Groupe Pizzorno","05","Entreprises et artisans","109 Rue Jean Aicard",,83300,"Draguignan",492522245,494505097,120000,49.260323,6.345546
2016,61249,"Isdnd d'Amailloux",,549010526,"01/01/2007","le Bois du Panier","Rd 143",79350,"Amailloux","79008","Amailloux","79","Nouvelle-Aquitaine","Gestion privée",-34874.7,5900690,1,"Géolocalisation effectuée - Qualité suffisante",4796,"Suez Rv Sud Ouest","05","Entreprises et artisans","5, Rue Edouard Branly","Zi de Saint Eloi",86000,"Poitiers",549010463,549010526,100000,46.74854,-0.276141
2016,5529,"Isdnd d'Oyonnax",474772150,,"01/01/1970","Veyziat - sur la Rochette","Route de Thoirette, Verziat",1100,"Oyonnax","01283","Oyonnax","01","Auvergne-Rhône-Alpes","Régie",626606,5823400,-1,"Centroïde de la commune",53905,"Haut-bugey Agglomération","04E","Communauté de communes","57 Rue René Nicod",,1100,"Oyonnax",474812370,474812380,17500,46.275059,5.627348
2016,65308,"Isdnd de Bordezac",466251644,,"01/01/2004","Figeyrette",,30160,"Bordezac","30045","Bordezac","30","Occitanie","Régie",454195,5514460,-1,"Centroïde de la commune",36648,"Communauté de Communes de Cèze Cévennes","04E","Communauté de communes","120 Route d'Uzès Prolongée",,30500,"Saint-ambroix",466837787,466837788,2150,44.313965,4.075701
2016,5710,"Isdnd de Brive-la-gaillarde",555860278,555741000,"01/01/1986","Lieu-Dit Perbousie","Route de lissac",19100,"Brive-la-Gaillarde","19031","Brive-la-Gaillarde","19","Nouvelle-Aquitaine","Délégation de service public",169002,5644240,-1,"Centroïde de la commune",11496,"Nci Environnement 19 - Brive (groupe Paprec)","05","Entreprises et artisans","Zi de Beauregard","Rue Gustave Courbet",19100,"Brive-la-gaillarde",555170335,555172452,39000,45.158556,1.532553
2016,5545,"Isdnd de Béziers",467368215,467308690,"01/01/1999","Saint Jean de Libron",,34501,"Béziers","34032","Béziers","34","Occitanie","Régie",359757,5365160,-1,"Centroïde de la commune",35442,"Communauté d'Agglomération Béziers Méditerranée","04G","Communauté d'agglomération","39, Boulevard de Verdun","Cs 30567",34536,"Beziers Cedex",467016868,467092329,65000,,
2016,76944,"Isdnd de Castries",467611089,,"15/09/2008","Rd 21",,34160,"Castries","34058","Castries","34","Occitanie","Délégation de service public",439338,5421430,1,"Géolocalisation effectuée - Qualité suffisante",3823,"Société Montpelliéraine de Tri et Valorisation Déchets Demeter","05","Entreprises et artisans","785 Rue Henri Becquerel",,34000,"Montpellier",467137325,467137332,83000,43.67566,3.983327
2016,5620,"Isdnd de Cessieu",474974726,,"03/04/1979","le Marais","Chemin de Mouchon",38110,"Cessieu","38064","Cessieu","38","Auvergne-Rhône-Alpes","Gestion privée",599749,5713280,-1,"Centroïde de la commune",45082,"Veolia Proprete Rhin Rhone Cessieu","05","Entreprises et artisans","Chemin de Mouchon",,38110,"Cessieu",,,65000,45.580006,5.386931
2016,6352,"Isdnd de Chagny",385910980,385912058,"13/02/1995","Route de Lessard le National","Lieu-dit sur les Bois",71150,"Chagny","71073","Chagny","71","Bourgogne-Franche-Comté","Régie",532183,5925650,-1,"Centroïde de la commune",6031,"Smet Nord Est 71","04H","Syndicat mixte","Lieu-dit « sur les Bois »","Route de Lessard-le-national",71150,"Chagny",385910980,385912058,81000,46.894295,4.781291
2016,6900,"Isdnd de Conflans-en-jarnisy",382208461,382201786,"06/01/1987","Avenue de la République",,54800,"Conflans-en-Jarnisy","54136","Conflans-en-Jarnisy","54","Grand-Est","Gestion privée",651375,6303300,-1,"Centroïde de la commune",14334,"Bairsien (ex : Lorval - Agence de Toul)","05","Entreprises et artisans","5, Rue des Drapiers",,57070,"Metz",382208461,382201786,120000,49.175415,5.858867
2016,5624,"Isdnd de Coulonges Thouarsais",549964288,549754509,"01/01/1984","la Loge",,79330,"Coulonges-Thouarsais","79102","Coulonges-Thouarsais","79","Nouvelle-Aquitaine","Régie",-36927.5,5929320,-1,"Centroïde de la commune",3958,"Smited","04H","Syndicat mixte","Zae de Montplaisir",,79220,"CHAMPDENIERS-SAINT-DENIS",549754200,549754509,40000,46.941154,-0.313599
2016,5654,"Isdnd de Debat",563678469,563305611,"23/01/1983","650 Chemin de Debat",,82370,"Reyniès","82150","Reyniès","82","Occitanie","Régie",158374,5456590,1,"Géolocalisation manuelle",56028,"Communauté de Communes du Terroir de Grisolles et Villebrumier","04E","Communauté de communes","120 Avenue Jean Jaurès",,82370,"Labastide-saint-pierre",563300331,563300332,4500,43.912895,1.423363
2016,7298,"Isdnd de Donzere",475516496,,"24/08/1987","Route de Grignan",,26290,"Donzère","26116","Donzère","26","Auvergne-Rhône-Alpes","Gestion privée",524507,5532860,-1,"Centroïde de la commune",11828,"Suez Rv Centre Est (Sita)","05","Entreprises et artisans","Route Grignan",,26290,"Donzère",475516496,475517175,150000,44.453251,4.713229
2016,106360,"Isdnd de Dzoumogné",269627693,,"16/06/2014","Isdnd Dzoumogné","Lieu Dit la Vigie",97650,"Bandraboua","97602","Bandraboua","976","Dom-Com","Délégation de service public",5022230,-1427150,0.889622,"Géolocalisation effectuée - Qualité suffisante",35156,"Star Mayotte","05","Entreprises et artisans","Site d'Hamaha - Bp 1311","Kaweni",97600,"Mamoudzou",269614369,269614367,100000,-12.717895,45.117665
2016,7301,"Isdnd de Flévy",387770185,387770223,"05/10/1975","Route de Bettelainville",,57365,"Flévy","57219","Flévy","57","Grand-Est","Gestion privée",696861,6315980,-1,"Centroïde de la commune",4774,"Suez Rv Nord Est","05","Entreprises et artisans","Route de Bettelainville",,57365,"Flévy",387770185,387770223,120000,49.240929,6.239739
2016,7137,"Isdnd de Fontaine-guérin",,,"09/05/1983","Montaye",,49250,"Fontaine-Guérin","49138","Fontaine-Guérin*","49","Pays de la Loire","Régie",-19927.9,6021550,-1,"Centroïde de la commune",1572,"Smictom de la Vallée de l'Authion","04B","SIVOM","4 Bd des Entrepreneurs","Bp 55",49250,"Beaufort-en-vallée",241797700,241797709,10000,47.470971,-0.182902
2016,5686,"Isdnd de Fresnoy-folny",235175080,232971058,"27/10/1997","Fresnoy-folny",,76660,"Fresnoy-Folny","76286","Fresnoy-Folny","76","Normandie","Gestion privée",159283,6427930,-1,"Centroïde de la commune",3009,"Ikos Environnement","05","Entreprises et artisans","Grand Marais de Blangy",,76340,"Blangy sur Bresle",235176000,235176891,75000,49.887884,1.427331
2016,108593,"Isdnd de Frontenac",,,,"4 Route du Moulin à Vent","Lieu-dit Piquepoche",33760,"Frontenac","33175","Frontenac","33","Nouvelle-Aquitaine","Gestion privée",-17615.2,5578630,0.881159,"Géolocalisation effectuée - Qualité suffisante",57009,"Les Pierres de Frontenac","05","Entreprises et artisans","4 Route du Moulin à Vent","Lieu-dit Piquepoche",33760,"Frontenac",,,0,44.726888,-0.158605
2016,5458,"Isdnd de Gaïa Cusset",470413408,470413441,"06/06/1972","Route de la Bruyere","Lieu Dit le Guegue",3300,"Cusset","03095","Cusset","03","Auvergne-Rhône-Alpes","Délégation de service public",386305,5801890,-1,"Centroïde de la commune",3678,"Suez Rv Centre Est (Sita)","05","Entreprises et artisans","Route de la Bruyère",,3300,"Cusset",470413408,470413623,95000,46.144652,3.503631
2016,5689,"Isdnd de Gizay",549426974,,"01/01/2014","Brande de la Chavignerie",,86340,"Gizay","86105","Gizay","86","Nouvelle-Aquitaine","Délégation de service public",44031.2,5851600,0.741522,"Géolocalisation effectuée - Qualité insuffisante",31530,"Setrad - Onyx","05","Entreprises et artisans","Brande de la Chavignerie",,86340,"GIZAY",549426974,,80000,46.455231,0.408335
2016,99305,"Isdnd de Glomel",,,"01/01/2008","Ty Page Coz",,22110,"Glomel","22061","Glomel","22","Bretagne","Régie",-376413,6141060,-1,"Centroïde de la commune",2571,"Communauté de Communes du Kreiz Breizh","04E","Communauté de communes","6, Rue Joseph Pennec","Cité Administrative -",22110,"Rostrenen",296291818,296293313,114000,48.237811,-3.363299
2016,5810,"Isdnd de Grospierres",475390699,,"08/11/1976","Qu la Luzerette",,7120,"Grospierres","07101","Grospierres","07","Auvergne-Rhône-Alpes","Régie",477584,5526200,-1,"Centroïde de la commune",631,"Syndicat Intercommunal de Collecte et de Traitement des Ordures Ménagères de la Basse-ardèche","04H","Syndicat mixte","la Gare Beaulieu",,7460,"Beaulieu",475390699,475899169,14000,44.376779,4.255504
2016,6199,"Isdnd de Lapouyade",557560910,557560917,"10/01/1996","Lieu Dit ""les Fontenelles""",,33620,"Lapouyade","33230","Lapouyade","33","Nouvelle-Aquitaine","Gestion privée",-30884.1,5638850,-1,"Centroïde de la commune",6003,"Soval","05","Entreprises et artisans","3 Avenue des Mondaults",,33270,"Floirac",557800168,,430000,45.092571,-0.285924
2016,6956,"Isdnd de Malleville-sur-le-bec",232427432,232575627,"15/07/1971","Malleville-sur-le-bec",,27800,"Malleville-sur-le-Bec","27380","Malleville-sur-le-Bec","27","Normandie","Régie",83737.8,6316170,-1,"Centroïde de la commune",5734,"Syndicat de Destruction des Ordures Ménagères de l'Ouest du Département de l'Eure (sdomode)","04H","Syndicat mixte","Parc d'Activités la Semaille","348 Rue de la Semaille",27300,"Bernay",232431475,232474731,25000,49.236184,0.74541
2016,6904,"Isdnd de Montois-la-montagne",387585009,387589351,"01/02/1991","Cd 181 - Carrière Saint-paul",,57860,"Montois-la-Montagne","57481","Montois-la-Montagne","57","Grand-Est","Gestion privée",671810,6313210,-1,"Centroïde de la commune",3090,"Suez Rv Nord Est","05","Entreprises et artisans","Route de Mousson",,54700,"Lesmenils",383831040,383833954,100000,49.214515,6.015231
2016,109301,"Isdnd de Moulin-sous-touvent",344752166,,"16/12/2011","Lieu Dit Château Gautier",,60350,"Moulin-sous-Touvent","60438","Moulin-sous-Touvent","60","Hauts-de-France",,341932,6352620,1,"Géolocalisation effectuée - Qualité suffisante",16631,"Gurdebeke","05","Entreprises et artisans","65, Boulevard Carnot",,60400,"Noyon",344932525,344932526,100000,49.455891,3.070316
2016,6323,"Isdnd de Mousson - Lesménils",383831040,383833954,"01/01/1967","Route de Mousson",,54700,"Lesménils","54312","Lesménils","54","Grand-Est","Gestion privée",680411,6263290,-1,"Centroïde de la commune",3090,"Suez Rv Nord Est","05","Entreprises et artisans","Route de Mousson",,54700,"Lesmenils",383831040,383833954,175000,48.926829,6.095015
2016,7074,"Isdnd de Narbonne",468413626,468411673,"30/03/1973","Lieu Dit Lambert","Rd 6009",11100,"Narbonne","11262","Narbonne","11","Occitanie","Gestion privée",334284,5334840,-1,"Centroïde de la commune",5298,"Suez Rv Méditerranée","05","Entreprises et artisans","Cs 17216","54 Rue Antoine Becquerel",11785,"Narbonne Cedex",468413626,,190000,43.184527,3.002458
2016,6311,"Isdnd de Noth",555898600,555898601,"01/04/1997","Les grandes fougères",,23300,"Noth","23143","Noth","23","Nouvelle-Aquitaine","Régie",175785,5819250,-1,"Centroïde de la commune",1048,"Evolis 23 (Siers)","04H","Syndicat mixte","les Grandes Fougères",,23300,"Noth",555898600,555898601,11000,46.224837,1.609113
2016,7303,"Isdnd de Pagny-sur-meuse",329906355,329906067,"17/11/1977","Carriere de la Vaux",,55190,"Pagny-sur-Meuse","55398","Pagny-sur-Meuse","55","Grand-Est","Gestion privée",637596,6222530,-1,"Centroïde de la commune",4901,"Suez Rv Nord Est","05","Entreprises et artisans","Chemin des Temples",,51370,"Saint-brice-courcelles",326484780,326878093,60000,48.689723,5.724227
2016,5618,"Isdnd de Penol",474538233,,"26/11/1979","113 Chemin des Carrières",,38260,"Penol","38300","Penol","38","Auvergne-Rhône-Alpes","Marché de prestation de service",576879,5682890,0.895927,"Géolocalisation effectuée - Qualité suffisante",5785,"Serpol","05","Entreprises et artisans","2 Chemin du Génie","Bp 80",69633,"VENISSIEUX CEDEX",478703355,478702720,25000,45.386559,5.179731
2016,6086,"Isdnd de Prudemanche",237381747,237381747,"14/12/1994","la Mare Franc Jeu",,28270,"Prudemanche","28308","Prudemanche","28","Centre-Val de Loire","Gestion privée",126902,6227560,-1,"Centroïde de la commune",5266,"Suez Rv Centre Ouest","05","Entreprises et artisans","Za de Conneuil","6, Rue Gaspard Monge",37270,"Montlouis-sur-loire",247358800,247358847,60000,48.711832,1.120286
2016,7290,"Isdnd de Roche-la-molière",477906165,,"29/06/1971","Sita Borde Matin","Bd Puits Charlesza Charles Chana",42230,"Roche-la-Molière","42189","Roche-la-Molière","42","Auvergne-Rhône-Alpes","Gestion privée",482588,5688950,-1,"Centroïde de la commune",5501,"Suez Rv Borde Matin ( Sita )","05","Entreprises et artisans","Zi Charles Chana",,42230,"Roche la Molière",477906165,477905863,500000,45.409339,4.32578
2016,5767,"Isdnd de Romagne-sous-montfaucon",329851162,,"20/10/1988","Route de Varennes",,55110,"Romagne-sous-Montfaucon","55438","Romagne-sous-Montfaucon","55","Grand-Est","Gestion privée",564114,6330630,-1,"Centroïde de la commune",6704,"Suez Rv Nord Est","05","Entreprises et artisans","17 Rue de Copenhague",,67300,"Schiltigheim",326846800,326846839,50000,49.330486,5.085078
2016,5783,"Isdnd de Saint-diery",473967775,473716946,"05/03/1982","le Treuil",,63320,"Saint-Diéry","63335","Saint-Diéry","63","Auvergne-Rhône-Alpes","Délégation de service public",335407,5706570,-1,"Centroïde de la commune",658,"Sictom des Couzes","04H","Syndicat mixte","le Treuil",,63320,"Saint Diery",473967775,473716946,10000,45.562708,2.990388
2016,7354,"Isdnd de Saint-fargeau",386742870,386742874,"31/12/1987","Bois des Vaunottes",,89170,"Ronchères","89325","Ronchères","89","Bourgogne-Franche-Comté","Régie",346688,6050270,-1,"Centroïde de la commune",1761,"Syndicat Mixte de la Puisaye","04H","Syndicat mixte","Bois Vaunottes",,89170,"Ronchères",386742870,386742874,15000,47.653232,3.13774
2016,7283,"Isdnd de Saint-romain-en-gal",472890574,,"24/05/1975","le Melay",,69560,"Saint-Romain-en-Gal","69235","Saint-Romain-en-Gal","69","Auvergne-Rhône-Alpes","Gestion privée",536828,5706730,-1,"Centroïde de la commune",5406,"Nicollin","05","Entreprises et artisans","12-14 Rue Charles Martin - Bp 106",,69190,"Saint Fons Cedex",472890573,478671670,80000,45.539169,4.821909
2016,5905,"Isdnd de Saint-sorlin-en-valloire",475578000,,"01/04/1979","875 Route des Sorbiers",,26210,"Saint-Sorlin-en-Valloire","26330","Saint-Sorlin-en-Valloire","26","Auvergne-Rhône-Alpes","Régie",553000,5666480,-1,"Centroïde de la commune",2732,"Syndicat Traitement des Déchets Ardèche Drôme Sytrad","04H","Syndicat mixte","7, Rue Louis Armand","Zi la Motte",26800,"Portes-les-valence",475578000,475577514,30000,45.267616,4.988265
2016,13427,"Isdnd de Saint-trivier-de-courtes",474225533,970621660,"07/07/2004","N° 2005, Route de Crocu",,1560,"Saint-Trivier-de-Courtes","01388","Saint-Trivier-de-Courtes","01","Auvergne-Rhône-Alpes","Marché de prestation de service",561284,5854890,-1,"Centroïde de la commune",5785,"Serpol","05","Entreprises et artisans","2 Chemin du Génie","Bp 80",69633,"VENISSIEUX CEDEX",478703355,478702720,4000,46.452814,5.033849
2016,5543,"Isdnd de Satolas-et-bonce",478408779,,"31/12/1971","Lieu-dit la Ruette",,38290,"Satolas-et-Bonce","38475","Satolas-et-Bonce","38","Auvergne-Rhône-Alpes","Gestion privée",570127,5729400,-1,"Centroïde de la commune",24383,"Suez Rv Centre Est (Sita)","05","Entreprises et artisans","Lieu-dit",,38290,"Satolas-et-bonce",478408779,472489182,300000,45.682294,5.11218
2016,6857,"Isdnd de Segrie",243330891,243330891,"01/09/1983","Montcruchet",,72170,"Ségrie","72332","Ségrie","72","Pays de la Loire","Régie",2104.14,6142270,-1,"Centroïde de la commune",1451,"Smirgeom du Nord Ouest de la Sarthe","04A","SIVU","Mairie",,72170,"Segrie",243970733,243978134,7000,48.199878,0.024799
2016,5549,"Isdnd de Sommieres du Clain",,247358847,"01/06/1993","la Chaume du Mont",,86160,"Sommières-du-Clain","86264","Sommières-du-Clain","86","Nouvelle-Aquitaine","Gestion privée",40146.4,5825680,0.444536,"Géolocalisation effectuée - Qualité insuffisante",5266,"Suez Rv Centre Ouest","05","Entreprises et artisans","Za de Conneuil","6, Rue Gaspard Monge",37270,"Montlouis-sur-loire",247358800,247358847,70000,46.292116,0.377234
2016,7070,"Isdnd de Soumont",665306640,,"30/10/1987","Mas d'Arnaud",,34700,"Soumont","34306","Soumont","34","Occitanie","Régie",373390,5423490,1,"Géolocalisation effectuée - Qualité suffisante",2275,"Syndicat Mixte Centre Hérault","04H","Syndicat mixte","Route de Canet",,34800,"Aspiran",467881846,467881847,40000,43.710106,3.34196
2016,5647,"Isdnd de Tence",471598293,471563545,"01/01/1974","Tence",,43190,"Tence","43244","Tence","43","Auvergne-Rhône-Alpes","Régie",478383,5639940,-1,"Centroïde de la commune",998,"Sictom Entre Monts et Vallees","04H","Syndicat mixte","Za de Leygat",,43190,"Tence",471598293,471563545,10000,45.113912,4.290763
2016,7258,"Isdnd de Téting-sur-nied",387290683,387945718,"18/10/1977","Route de Hémering",,57385,"Teting-sur-Nied","57668","Teting-sur-Nied","57","Grand-Est","Gestion privée",741934,6284500,-1,"Centroïde de la commune",57470,"Suez Rv Nord Est","05","Entreprises et artisans","Route de Hémering",,57385,"Teting-sur-Nied",387290683,387945718,250000,49.055386,6.667222
2016,6369,"Isdnd de Vendres",467397705,467325442,"01/07/1994","Route de Sérignan",,34410,"Sérignan","34299","Sérignan","34","Occitanie","Régie",367942,5353180,-1,"Centroïde de la commune",486,"Sitom du Littoral","04A","SIVU","144 Avenue de la Plage","Bp 46",34410,"Sérignan",467321356,467325906,10500,43.279521,3.277025
2016,101421,"Isdnd de Vico",495340014,495340438,"01/07/2010","Lieu-dit Cotule",,20160,"Vico","2A348","Vico","2A","Corse","Régie",979595,5185990,0.484232,"Géolocalisation effectuée - Qualité insuffisante",34354,"Syndicat Mixte pour la Valorisation des Déchets de Corse","04H","Syndicat mixte","26 Zone Artisanale","Rt 50",20250,"Corte",495340014,495340438,30000,42.165733,8.798245
2016,78269,"Isdnd de Viggianello",495340014,495340438,"01/07/2010","Lieu Dit Teparella",,20110,"Viggianello","2A349","Viggianello","2A","Corse","Régie",995494,5111970,-1,"Centroïde de la commune",34354,"Syndicat Mixte pour la Valorisation des Déchets de Corse","04H","Syndicat mixte","26 Zone Artisanale","Rt 50",20250,"Corte",495340014,495340438,45000,41.680663,8.951277
2016,7261,"Isdnd de Villeveyrac",467785596,467788199,"04/10/1974","Complexe Oikos",,34560,"Villeveyrac","34341","Villeveyrac","34","Occitanie","Régie",400052,5387790,-1,"Centroïde de la commune",1997,"Communauté de Communes du Nord du Bassin de Thau","04E","Communauté de communes","Complexe Oïkos","Cd 5",34560,"Villeveyrac",467785596,467788199,16000,43.500386,3.606858
2016,86671,"Isdnd de Villoncourt",329290483,329295852,"25/06/2012","Route de la Campagne",,88150,"Villoncourt","88509","Villoncourt","88","Grand-Est","Gestion privée",724797,6151040,0.986728,"Géolocalisation effectuée - Qualité suffisante",56702,"Suez Rv Nord Est","05","Entreprises et artisans","Route de la Campagne",,88150,"Villoncourt",329290483,329295852,95000,48.280412,6.524138
2016,5528,"Isdnd de Viriat",474233994,474236345,"15/05/1984","la Tienne","216 Chemin de la Serpoyère",1440,"Viriat","01451","Viriat","01","Auvergne-Rhône-Alpes","Régie",586944,5818200,0.861316,"Géolocalisation effectuée - Qualité suffisante",11714,"Organom","04H","Syndicat mixte","216 Chemin de la Serpoyère - Viriat - Cs 60127",,1000,"Bourg-en-bresse",474451470,474450603,100000,46.23294,5.276582
2016,40736,"Isdnd de la Croix Irtelle",,,"01/12/2004","la Croix Irtelle",,56250,"La Vraie-Croix","56261","La Vraie-Croix","56","Bretagne","Gestion privée",-283059,6055330,1,"Géolocalisation effectuée - Qualité suffisante",23467,"Charier Déchets Valorisation","05","Entreprises et artisans","Eci Ecosite de la Croix Irtelle",,56250,"La Vraie-Croix",297672902,297675287,80000,47.702974,-2.531889
2016,7349,"Isdnd de la Gabarre",590217000,590869243,"02/08/1973","Cet la Gabarre",,97139,"Les Abymes","97101","Les Abymes","971","Dom-Com","Régie",-6845800,1835770,-1,"Centroïde de la commune",5551,"Syvade de la Guadeloupe","04H","Syndicat mixte","Rue Hincelin","Résidence Ernestine Webbe, Escalier D, Bp 41",97004,"Pointe-à-pitre Cedex",590911072,590822416,140000,16.299853,-61.488001
2016,6273,"Isdnd du Pihourc",561891658,561892027,"19/07/1996","le Pihourc","Lieoux",31800,"Saint-Gaudens","31483","Saint-Gaudens","31","Occitanie","Régie",80813.1,5330420,-1,"Centroïde de la commune",1068,"Sivom de Saint-Gaudens Montréjeau Aspet Magnoac","04H","Syndicat mixte","la Graouade","Route du Circuit",31800,"Saint-gaudens",561947377,561945193,85000,43.111163,0.72141
2016,5546,"Isdnd du Vigeant",,549918245,"01/02/1985","la Pierre Brune",,86150,"Le Vigeant","86289","Le Vigeant","86","Nouvelle-Aquitaine","Gestion privée",71563.5,5815330,0.629675,"Géolocalisation effectuée - Qualité insuffisante",33934,"Séché Eco Industries (svo)","05","Entreprises et artisans","la Reissière","Bp 14",86150,"le Vigeant",549845791,549918245,150000,46.237228,0.603344
2016,69234,"Isdnd la Dominelais",,,"09/10/2007","Ecopôle 137 Ensemble Chemin Rural 172, la Primauda",,35390,"La Dominelais","35098","La Dominelais","35","Bretagne","Gestion privée",-185708,6066550,-1,"Centroïde de la commune",35688,"Société Tree - Séché Eco Industries","05","Entreprises et artisans","Ecopôle 137 Ensemble Chemin Rural 172","la Primaudais",35390,"La Dominelais",299729720,299729362,70000,47.76145,-1.690712
2016,92701,"Isdnd la Désirade",590200176,590200382,"04/02/2010","la Désirade",,97127,"La Désirade","97110","La Désirade","971","Dom-Com","Régie",-6795620,1841970,-1,"Centroïde de la commune",5551,"Syvade de la Guadeloupe","04H","Syndicat mixte","Rue Hincelin","Résidence Ernestine Webbe, Escalier D, Bp 41",97004,"Pointe-à-pitre Cedex",590911072,590822416,0,16.320556,-61.047831
2016,5830,"Isdnd le Houga",562089780,562089780,"01/02/1988","Usine de Broyage","Pontac",32460,"Le Houga","32155","Le Houga","32","Occitanie","Régie",-20050.1,5430650,1,"Géolocalisation effectuée - Qualité suffisante",4654,"Trigone","04H","Syndicat mixte","Rue Jacqueline Auriol","Zone de Lamothe - Cs 40509",32021,"AUCH",562612515,562622545,28250,43.777017,-0.187482
2016,74856,"Isdnd les Champs Jouault",233585935,233483072,"06/04/2009","Lieu Dit les Champs Jouault",,50670,"Cuves","50158","Cuves","50","Normandie","Gestion privée",-122664,6229210,-1,"Centroïde de la commune",36367,"Sas les Champs Jouault","05","Entreprises et artisans","Lieu Dit les Champs Jouault",,50670,"Cuves",233585935,233483072,75000,48.722182,-1.098148
2016,105900,"Isdnd les Pineaux",,,"01/02/2011","l'Etrolle",,85320,"Les Pineaux","85175","Les Pineaux","85","Pays de la Loire","Marché de prestation de service",-131578,5876220,1,"Géolocalisation effectuée - Qualité suffisante",29508,"Seche Environnement Ouest","05","Entreprises et artisans","les Hêtres",,53811,"Change",243596000,243596061,24200,46.608087,-1.202681
2016,103380,"Isdnd les Ventes-de-bourse",233325370,233275598,"01/01/2013","le Logis des Ventes",,61170,"Les Ventes-de-Bourse","61499","Les Ventes-de-Bourse","61","Normandie","Gestion privée",27250.8,6190060,0.177899,"Géolocalisation effectuée - Qualité insuffisante",56287,"Suez Rv Normandie (ex : Snn (sita Suez))","05","Entreprises et artisans","Rue de la Terre Adélie","Parc Edonia, Bâtiment T, Cs 86820",35760,"Saint-grégoire",223212300,223212310,120000,48.523768,0.258508
2016,5813,"Opale Environnement",321850100,321821216,"14/04/1997","Hameau de la Bistade",,62370,"Sainte-Marie-Kerque","62756","Sainte-Marie-Kerque","62","Hauts-de-France","Gestion privée",237878,6603540,-1,"Centroïde de la commune",4662,"Opale Environnement","05","Entreprises et artisans","52 Rue Clément Ader","Bp 136",62103,"Calais",321347070,321347001,60000,50.898334,2.172473
