"Année","Code SINOE UIOM","Nom  UIOM","Téléphone","Fax","Date d'ouverture  UIOM","Code type SINOE  UIOM","Libellé type SINOE  UIOM","Adresse UIOM","Adresse UIOM (suite)","Code postal UIOM","Commune UIOM","Code commune UIOM","Libellé de la commune UIOM","Code du département UIOM","Nom de la région UIOM","Mode de gestion  UIOM","Géolocalisation  UIOM
Longitude (Mercator)","Géolocalisation  UIOM
Latitude (Mercator)","Géolocalisation  UIOM
Indicateur qualité","Géolocalisation  UIOM
Niveau de précision","Code SINOE Exploitant","Nom Exploitant","Code type SINOE Exploitant","Libellé type SINOE Exploitant","Adresse Exploitant","Adresse exploitant (suite)","Code postal exploitant","Bureau distributeur exploitant","Téléphone exploitant","Fax exploitant","Capacité réglementaire UIOM","lat","lon"
2016,5445,"Centre de Valorisation énergétique de Maubeuge",327582710,327582711,"21/04/1981","08A","Incinération avec valorisation énergétique","Zi des Terres du Pont Rouge",,59600,"Maubeuge",59392,"Maubeuge",59,"Hauts-de-France","Marché de prestation de service",441660,6495440,-1,"Centroïde de la commune",52710,"Cideme","05","Entreprises et artisans","Zi des Terres du Pont Rouge",,59600,"Maubeuge",327582710,327582711,92400,50.277836,3.965072
2016,5442,"Cve Antarés",320256610,320256131,"17/12/2000","08A","Incinération avec valorisation énergétique","Rd 191 - Bp 302",,59433,"Halluin",59279,"Halluin",59,"Hauts-de-France","Délégation de service public",347898,6581680,-1,"Centroïde de la commune",4869,"Valnor - Veolia Proprete","05","Entreprises et artisans","Rd 191 Route de Lille","Bp 302",59433,"Halluin Cedex",320256612,320256131,350000,,
2016,58414,"Cve Dunkerque",328287270,328287272,"22/11/2007","08A","Incinération avec valorisation énergétique","Rue Armand Carrel",,59640,"Dunkerque",59183,"Dunkerque*",59,"Hauts-de-France","Marché de prestation de service",258684,6622250,-1,"Centroïde de la commune",18150,"Valnor","05","Entreprises et artisans","Rue Armand Carrel",,59640,"Dunkerque",328612290,328617945,86000,51.006993,2.330587
2016,5612,"Cve de Colmar",389412054,369995594,"16/08/1988","08A","Incinération avec valorisation énergétique","174, Rue de Ladhof",,68000,"Colmar",68066,"Colmar",68,"Grand-Est","Marché de prestation de service",819872,6125740,-1,"Centroïde de la commune",5296,"Ste Colmarienne de Chauffage Urbain","05","Entreprises et artisans","16 Rue Henry Wilhem","Cs 20078",68027,"COLMAR cedex",389412054,389413743,82000,48.098909,7.378045
2016,5797,"Cve de Douchy-les-mines",327444190,327315490,"15/10/1997","08A","Incinération avec valorisation énergétique","7 Route de Lourches",,59282,"Douchy-les-Mines",59179,"Douchy-les-Mines",59,"Hauts-de-France","Marché de prestation de service",376120,6499920,-1,"Centroïde de la commune",4314,"Procyrdhim","05","Entreprises et artisans","7, route de Lourches",,59282,"DOUCHY-LES-MINES",327444190,327315490,88000,50.30855,3.377136
2016,6878,"Cve de Saint Saulve - Ecovalor",327470233,327470260,"17/06/1977","08A","Incinération avec valorisation énergétique","Rue du Galibot","Zi N° 4",59880,"Saint-Saulve",59544,"Saint-Saulve",59,"Hauts-de-France","Marché de prestation de service",396606,6514570,0.865685,"Géolocalisation effectuée - Qualité suffisante",2944,"Cideme - Groupe Tiru","05","Entreprises et artisans","4, Rue Galibot",,59880,"Saint Saulve",327470233,,132000,50.38913,3.558689
2016,7019,"Setmi - Uiom de Toulouse",561190960,561190969,"31/12/1969","08A","Incinération avec valorisation énergétique","11 Chemin de Perpignan","Bp 33724",31037,"Toulouse",31555,"Toulouse",31,"Occitanie","Délégation de service public",158607,5403820,-1,"Centroïde de la commune",4947,"Setmi","05","Entreprises et artisans","11, Chemin de Perpignan",,31100,"TOULOUSE",561190960,561190969,330000,43.55826,1.398589
2016,6851,"Uiom Argenteuil",134117000,134117009,"01/01/1975","08A","Incinération avec valorisation énergétique","RN 12, 2 rue du Chemin Vert",,95100,"ARGENTEUIL",95018,"Argenteuil",95,"Ile-de-France","Délégation de service public",250000,6266350,-1,"Centroïde de la commune",5492,"Suez Environnement - Novergie Ile de France","05","Entreprises et artisans","19-21 Rue Emile Duclaux",,92150,"Suresnes",140806000,140806001,196000,48.959119,2.205639
2016,6547,"Uiom Carrieres-sous-poissy",130063030,130063040,"01/11/1998","08A","Incinération avec valorisation énergétique","Lieu Dit la Demie Lieue","Rd 190",78955,"CARRIERES-SOUS-POISSY",78123,"Carrières-sous-Poissy",78,"Ile-de-France","Délégation de service public",225973,6265770,-1,"Centroïde de la commune",5492,"Suez Environnement - Novergie Ile de France","05","Entreprises et artisans","19-21 Rue Emile Duclaux",,92150,"Suresnes",140806000,140806001,115000,48.954188,2.023064
2016,6852,"Uiom Carrieres-sur-seine",130860810,130861922,"01/01/1977","08A","Incinération avec valorisation énergétique","2 Rue de l'Union",,78420,"Carrières-sur-Seine",78124,"Carrières-sur-Seine",78,"Ile-de-France","Délégation de service public",242857,6260090,-1,"Centroïde de la commune",5492,"Suez Environnement - Novergie Ile de France","05","Entreprises et artisans","19-21 Rue Emile Duclaux",,92150,"Suresnes",140806000,140806001,123000,48.908263,2.161554
2016,6861,"Uiom Créteil (+ Dasri)",148985511,148984883,"01/01/1978","08A","Incinération avec valorisation énergétique","10/11 Rue des Malfourches",,94034,"Créteil",94028,"Créteil",94,"Ile-de-France","Délégation de service public",273090,6238400,-1,"Centroïde de la commune",5433,"Suez Environnement - Créteil Incinération Energie (Novergie)","05","Entreprises et artisans","10/11 Rue des Malfourches",,94034,"Créteil Cedex",148985511,148984883,244500,48.778216,2.436457
2016,5907,"Uiom Ecopole d'Echillais",546831104,546997630,"01/06/1990","08A","Incinération avec valorisation énergétique","8, Route des Jamelles",,17620,"Échillais",17146,"Échillais",17,"Nouvelle-Aquitaine","Délégation de service public",-106713,5764540,-1,"Centroïde de la commune",5318,"Soccoim (setrad)","05","Entreprises et artisans","Za les Pierrelets",,45380,"Chaingy",238466565,238466580,34000,45.911243,-0.980345
2016,102329,"Uiom Flamoval",321116870,,"01/02/2013","08A","Incinération avec valorisation énergétique","365 Avenue Isaac Newton","Zac Porte Multimodale de Aa",62506,"Arques",62040,"Arques",62,"Hauts-de-France","Marché de prestation de service",257186,6575160,-1,"Centroïde de la commune",56488,"Véolia Cve Flamoval - Valnor","05","Entreprises et artisans","365 Avenue Isaac Newton","Zac Porte Multimodale de Aa",62506,"Arques",321116870,321116866,92500,50.730578,2.324055
2016,41295,"Uiom Issy-les-moulineaux - Isseane",,,"01/01/2006","08A","Incinération avec valorisation énergétique","47 à 103, Quai de Stalingrad",,92130,"Issy-les-Moulineaux",92040,"Issy-les-Moulineaux",92,"Ile-de-France","Marché de prestation de service",251825,6245060,-1,"Centroïde de la commune",31792,"Suez Environnement - Tsi (Tiru - Sita)","05","Entreprises et artisans","47 à 103, Quai Roosevelt",,92130,"Issy-les-moulineaux",140936315,,460000,48.822789,2.253007
2016,5639,"Uiom Ivry-sur-seine",145215500,145215505,"01/01/1969","08A","Incinération avec valorisation énergétique","43 Rue Bruneseau",,94200,"Ivry-sur-Seine",94041,"Ivry-sur-Seine",94,"Ile-de-France","Délégation de service public",265759,6243230,-1,"Centroïde de la commune",44531,"Ip13","05","Entreprises et artisans","19-21 Rue émile Duclaux",,92150,"Suresnes",,,730000,48.817001,2.371292
2016,6862,"Uiom Massy 1",169308518,164470339,"01/01/1987","08A","Incinération avec valorisation énergétique","ROUTE DE LA BONDE",,91300,"MASSY",91377,"Massy",91,"Ile-de-France","Délégation de service public",253507,6228540,-1,"Centroïde de la commune",57155,"Enoris (Engie Réseaux)","05","Entreprises et artisans","Route de la Bonde",,91300,"Massy",,,87000,48.719653,2.279273
2016,96411,"Uiom Montereau-fault-yonne 2",160734012,160734364,"01/04/2011","08A","Incinération avec valorisation énergétique","24 Rue de la Grande Haie - Zi",,77130,"Montereau-Fault-Yonne",77305,"Montereau-Fault-Yonne",77,"Ile-de-France","Délégation de service public",331169,6171040,0.992349,"Géolocalisation effectuée - Qualité suffisante",57159,"Sovalem","05","Entreprises et artisans","28 Boulevard de Pesaro","Cs 10049",92751,"Nanterre",,,72000,48.384787,2.973357
2016,6226,"Uiom Monthyon",,,"01/01/1998","08A","Incinération avec valorisation énergétique","Chemin de la Croix Gillet",,77122,"MONTHYON",77309,"Monthyon",77,"Ile-de-France","Délégation de service public",315354,6276500,-1,"Centroïde de la commune",2802,"Veolia Proprete - Somoval","05","Entreprises et artisans","Veolia Proprete - Somoval","26, Avenue des Champs Pierreux",92022,"NANTERRE CEDEX",155696900,155696968,135000,49.003506,2.830271
2016,52450,"Uiom Noidans le Ferroux",,,"01/01/2007","08A","Incinération avec valorisation énergétique","les Fougères",,70130,"Noidans-le-Ferroux",70387,"Noidans-le-Ferroux",70,"Bourgogne-Franche-Comté","Marché de prestation de service",662379,6035490,-1,"Centroïde de la commune",4871,"Idex et Cie","05","Entreprises et artisans","148 / 152 Route de la Reine","Cs 60049",92513,"Boulogne-billancourt Cedex",,,41000,,
2016,6839,"Uiom Rungis",149791616,149790102,"08/04/1985","08A","Incinération avec valorisation énergétique","7, Rue de Provence",,94619,"RUNGIS",94065,"Rungis",94,"Ile-de-France","Marché de prestation de service",261700,6232370,-1,"Centroïde de la commune",5487,"Veolia Proprete - Generis Rungis","05","Entreprises et artisans","1, Rue de Four","Marée 328 Bp10328",94569,"RUNGIS",149791616,149790102,150000,48.755273,2.359778
2016,6834,"Uiom Saint-ouen",149454601,149454636,"01/01/1990","08A","Incinération avec valorisation énergétique","22, rue Ardouin",,93400,"SAINT-OUEN",93070,"Saint-Ouen",93,"Ile-de-France","Marché de prestation de service",259563,6259920,-1,"Centroïde de la commune",5449,"Tiru Sa","05","Entreprises et artisans","Tour Franklin - 10é étage","Défense 8",92800,"Paris la Defense Cedex",141973800,141973801,650000,48.904046,2.324368
2016,5957,"Uiom Saint-ouen-l'aumone (+ Dasri)",,,"16/01/1996","08A","Incinération avec valorisation énergétique","2 Avenue du Fief","Parc d'Activité les Béthunes",95310,"Saint-Ouen-l'Aumône",95572,"Saint-Ouen-l'Aumône",95,"Ile-de-France","Délégation de service public",238777,6282420,0.831782,"Géolocalisation effectuée - Qualité suffisante",3192,"Veolia Proprete - Cgecp","05","Entreprises et artisans","Parc d'Activités des Béthunes - Avenue du Fief","Bp 99111 Saint Ouen l'Aumône",95310,"SAINT-OUEN-L'AUMONE",134485600,134485601,160000,49.041844,2.146939
2016,7314,"Uiom Saint-thibault-les-vignes",164124888,160071314,"01/01/1985","08A","Incinération avec valorisation énergétique","ZA La Courtillière","3, rue du Grand Pommeraye",77400,"SAINT-THIBAULT-DES-VIGNES",77438,"Saint-Thibault-des-Vignes",77,"Ile-de-France","Délégation de service public",297927,6252520,-1,"Centroïde de la commune",5492,"Suez Environnement - Novergie Ile de France","05","Entreprises et artisans","19-21 Rue Emile Duclaux",,92150,"Suresnes",140806000,140806001,155000,48.872438,2.674627
2016,6846,"Uiom Sarcelles",134190195,134191599,"01/01/1978","08A","Incinération avec valorisation énergétique","1, Rue des Tissonvilliers",,95200,"Sarcelles",95585,"Sarcelles",95,"Ile-de-France","Marché de prestation de service",265644,6273570,-1,"Centroïde de la commune",5491,"Véolia Propreté - Idex - Saren","05","Entreprises et artisans","1, Rue de Tissonvilliers",,95200,"SARCELLES",134191557,134191599,150000,48.99888,2.387358
2016,5486,"Uiom Strasbourg",388795000,388395966,"05/01/1975","08A","Incinération avec valorisation énergétique","3, Route du Rohrschollen",,67100,"Strasbourg",67482,"Strasbourg",67,"Grand-Est","Délégation de service public",862872,6202140,-1,"Centroïde de la commune",39901,"Senerval","05","Entreprises et artisans","3 Route de Rohrschallen",,67000,"Strasbourg",388795000,388395966,270000,48.511561,7.786647
2016,6919,"Uiom Thiverval Grignon",130075300,130075301,"01/01/1974","08A","Incinération avec valorisation énergétique","Route des Nourrices",,78850,"THIVERVAL-GRIGNON",78615,"Thiverval-Grignon",78,"Ile-de-France","Marché de prestation de service",216421,6247370,-1,"Centroïde de la commune",5193,"Cnim","05","Entreprises et artisans","35 Rue Bassano",,75008,"Paris 8e  Arrondissement",144311100,,243000,48.839653,1.929383
2016,22208,"Uiom Trédi Salaise Dnd et Dd",474861083,,"01/01/1985","08A","Incinération avec valorisation énergétique","Zi Portuaire de Salaise-sur-sanne","519 Rue Denis Papin",38150,"Salaise-sur-Sanne",38468,"Salaise-sur-Sanne",38,"Auvergne-Rhône-Alpes","Gestion privée",534767,5675610,-1,"Centroïde de la commune",4326,"Tredi - Salaise","05","Entreprises et artisans","519 Rue Denis Papin",,38150,"Salaise sur Sanne",474861083,474861697,294000,45.343434,4.787844
2016,13827,"Uiom Vaux-le-penil",164102870,164100011,"01/01/2003","08A","Incinération avec valorisation énergétique","ZAC du Tertre de Cherisy","BP 567",77000,"VAUX-LE-PENIL",77487,"Vaux-le-Pénil",77,"Ile-de-France","Délégation de service public",300144,6194630,-1,"Centroïde de la commune",4080,"Veolia Proprete - Generis","05","Entreprises et artisans","Zac du Tertre de Cherisy","Route de Nangis",77000,"Vaux-le-penil",164102870,164100011,137900,48.540522,2.688642
2016,105569,"Uiom Vernéa Clermont-ferrand",473143480,,"01/10/2013","08A","Incinération avec valorisation énergétique","1 Chemin des Domaines de Beaulieu",,63000,"Clermont-Ferrand",63113,"Clermont-Ferrand",63,"Auvergne-Rhône-Alpes","Délégation de service public",350022,5742740,0.99,"Géolocalisation effectuée - Qualité suffisante",56371,"Vernéa","05","Entreprises et artisans","1 Chemin des Domaines de Beaulieu",,63000,"Clermont-ferrand",473143480,,150000,45.761799,3.150493
2016,6461,"Uiom Vert-le-grand",169141615,169141647,"15/06/1999","08A","Incinération avec valorisation énergétique","Ecosite de Vert le Grand","Bp 2 Citd",91810,"Vert-le-Grand",91648,"Vert-le-Grand",91,"Ile-de-France","Délégation de service public",263170,6204270,-1,"Centroïde de la commune",17019,"Semariv","05","Entreprises et artisans","Ecosite",,91810,"VERT LE GRAND",169141600,169141647,220000,48.572081,2.357493
2016,6814,"Uiom Villejust 1",,,"01/01/1972","08A","Incinération avec valorisation énergétique","Avenue des 2 Lacs","Cd 118 - Zi de Courtaboeuf",91140,"Villejust",91666,"Villejust",91,"Ile-de-France","Marché de prestation de service",247874,6220390,-1,"Centroïde de la commune",3188,"Véolia Propreté - Generis","05","Entreprises et artisans","28, Boulevard de Pesaro - Tsa 67779",,92739,"Nanterre Cedex",155676000,155676033,110000,48.681587,2.214097
2016,5503,"Uiom d'Agen",553969777,553969700,"01/01/1983","08A","Incinération avec valorisation énergétique","Lieu dit monbusc",,47520,"Le Passage",47201,"Le Passage",47,"Nouvelle-Aquitaine","Gestion privée",66863.2,5494630,-1,"Centroïde de la commune",6005,"Sogad","05","Entreprises et artisans","Lieu Dit Monbusc",,47520,"LE PASSAGE",553969777,553969700,35000,,
2016,7112,"Uiom d'Amilly",238854490,238984444,"01/01/1992","08A","Incinération avec valorisation énergétique","215 Rue de Paucourt",,45200,"Amilly",45004,"Amilly",45,"Centre-Val de Loire","Délégation de service public",310681,6105360,-1,"Centroïde de la commune",40945,"Novergie Centre","05","Entreprises et artisans","6 Rue Gaspard Monge","Za de Conneuil",37270,"Montlouis-sur-loire",238854490,238984444,23200,48.00359,2.771436
2016,7042,"Uiom d'Ouarville",237183180,237183189,"01/02/2000","08A","Incinération avec valorisation énergétique","Za Bois Gaillard",,28150,"Ouarville",28291,"Ouarville",28,"Centre-Val de Loire","Délégation de service public",196308,6167260,-1,"Centroïde de la commune",25747,"Suez Environnement - Valoryele","05","Entreprises et artisans","Za du Bois Gaillard",,28150,"Ouarville",237183180,237183189,135000,48.343008,1.762855
2016,6970,"Uiom de Bayet Lucane",470454857,470456168,"01/04/1982","08A","Incinération avec valorisation énergétique","les Bouillots Lucane",,3500,"Bayet",3018,"Bayet",3,"Auvergne-Rhône-Alpes","Marché de prestation de service",365828,5822640,-1,"Centroïde de la commune",2852,"Lucane (Groupe Véolia Propreté)","05","Entreprises et artisans","les Bouillots",,3500,"Bayet",470454857,470456168,74100,46.26331,3.285335
2016,6526,"Uiom de Bellegarde-sur-valserine",450566730,450486777,"01/02/1998","08A","Incinération avec valorisation énergétique","Zi Arlod","5 Chemin du Tapey",1200,"Bellegarde-sur-Valserine",1033,"Bellegarde-sur-Valserine",1,"Auvergne-Rhône-Alpes","Marché de prestation de service",649308,5797570,-1,"Centroïde de la commune",5773,"Suez Rv Centre Est Energie ( Novergie Faucigny Genevois )","05","Entreprises et artisans","Zone Industrielle Arlod Chantavril",,1200,"Bellegarde-sur-valserine",450486790,450486777,120000,,
2016,5595,"Uiom de Benesse-maremne",558720394,558724757,"01/07/1972","08A","Incinération avec valorisation énergétique","Chemin du Brana",,40230,"Bénesse-Maremne",40036,"Bénesse-Maremne",40,"Nouvelle-Aquitaine","Régie",-152067,5409000,-1,"Centroïde de la commune",5,"Synd Trait Ordur Menag Côte Sud des Landes","04H","Syndicat mixte","62 Che du Bayonnais","Zone Industrielle Arriet",40230,"Benesse-maremne",558720394,558724757,83000,43.628859,-1.399909
2016,6035,"Uiom de Besancon",381419620,381515319,"11/05/1971","08A","Incinération avec valorisation énergétique","3 Rue Einstein",,25000,"Besançon",25056,"Besançon",25,"Bourgogne-Franche-Comté","Marché de prestation de service",670217,5984730,-1,"Centroïde de la commune",17061,"Snc Bival","05","Entreprises et artisans","9 rue Belin",,25000,"Besançon",381419600,381511111,59600,47.227926,5.971483
2016,6714,"Uiom de Bessieres",534260300,534260301,"18/09/2000","08A","Incinération avec valorisation énergétique","Za des Turquès Route de Montauban",,31660,"Bessières",31066,"Bessières",31,"Occitanie","Délégation de service public",176352,5433690,-1,"Centroïde de la commune",5667,"Econotre","05","Entreprises et artisans","Za des Turquès","Route de Montauban",31660,"BESSIERES",534260300,534260301,170000,43.806653,1.571351
2016,6798,"Uiom de Blois",254905454,254905450,"01/01/2000","08A","Incinération avec valorisation énergétique","161 Avenue de Châteaudun","Bp 20038",41913,"Blois",41018,"Blois",41,"Centre-Val de Loire","Délégation de service public",145162,6037450,-1,"Centroïde de la commune",5511,"Arcante","05","Entreprises et artisans","161 Avenue de Châteaudun","Bp 20038",41913,"Blois Cedex 9",254905454,254905450,90500,47.601787,1.32829
2016,6163,"Uiom de Bordeaux Begles",557351680,557351681,"08/01/1998","08A","Incinération avec valorisation énergétique","Rue louis blériot",,33323,"Bègles",33039,"Bègles",33,"Nouvelle-Aquitaine","Délégation de service public",-58983.6,5589580,-1,"Centroïde de la commune",2782,"Astria","05","Entreprises et artisans","Complexe Technique de l'Environnement","Rue Louis Bleriot",33323,"Begles Cedex",557351680,557351681,273000,44.798206,-0.5303
2016,5816,"Uiom de Bordeaux Cenon",556385500,556385501,"01/03/1985","08A","Incinération avec valorisation énergétique","Rue Jean Cocteau",,33150,"Cenon",33119,"Cenon",33,"Nouvelle-Aquitaine","Délégation de service public",-58073.4,5598750,-1,"Centroïde de la commune",5110,"Rive Droite Environnement","05","Entreprises et artisans","Rue Jean Cocteau",,33150,"Cenon",556385500,556385501,138000,44.851338,-0.506945
2016,5886,"Uiom de Bourgoin-jallieu",437032390,437032398,"01/01/1997","08A","Incinération avec valorisation énergétique","Avenue des Frères Lumière","Cs 42008",38307,"Bourgoin-Jallieu",38053,"Bourgoin-Jallieu",38,"Auvergne-Rhône-Alpes","Marché de prestation de service",585534,5715780,0.923481,"Géolocalisation effectuée - Qualité suffisante",28197,"Veolia Proprete Rhin Rhône Siège Social","05","Entreprises et artisans","105 Av 8 Mai 1945",,69140,"Rillieux la Pape",472014949,472014950,176000,45.595137,5.261681
2016,6580,"Uiom de Bourogne",384364690,384364692,"01/01/2002","08A","Incinération avec valorisation énergétique","Zone Industrielle de Bourogne - Morvillars",,90140,"Bourogne",90017,"Bourogne",90,"Bourgogne-Franche-Comté","Régie",768934,6034240,-1,"Centroïde de la commune",2368,"Sertrid - Syndicat d'Étude et de Réalisation pour le Traitement Intercommunal des Déchets","04H","Syndicat mixte","Zi de Bourogne Morvillars","Bp 10",90140,"Bourogne",384364690,384364692,85000,47.551543,6.920883
2016,6903,"Uiom de Brest",298473685,298478147,"15/12/1988","08A","Incinération avec valorisation énergétique","le Spernot",,29222,"Brest",29019,"Brest",29,"Bretagne","Gestion privée",-499746,6175140,-1,"Centroïde de la commune",25796,"Geval Ouest - Brest","05","Entreprises et artisans","179 Boulevard de l'Europe",,29222,"Brest",298473685,298478147,157680,48.412682,-4.513303
2016,5959,"Uiom de Briec de l'Odet",298577620,298575813,"17/04/1996","08A","Incinération avec valorisation énergétique","Zi de Lumunoc'H",,29510,"Briec",29020,"Briec",29,"Bretagne","Marché de prestation de service",-448347,6124210,-1,"Centroïde de la commune",25799,"Geval Ouest - Briec","05","Entreprises et artisans","Zone Artisanal  de Lumunoc'H",,29510,"Briec",298577620,298575813,60000,48.102097,-4.028217
2016,5745,"Uiom de Brive la Gaillarde",555868752,555869745,"01/10/1972","08A","Incinération avec valorisation énergétique","le Chadelbos",,19600,"Saint-Pantaléon-de-Larche",19229,"Saint-Pantaléon-de-Larche",19,"Nouvelle-Aquitaine","Marché de prestation de service",159534,5644610,-1,"Centroïde de la commune",56374,"Cnim","05","Entreprises et artisans","le Chadelbos","Chemin de la Vergne",19600,"Saint-pantaléon-de-larche",555868752,,72000,45.143338,1.456325
2016,21188,"Uiom de Calce",468643787,468643878,"01/07/2003","08A","Incinération avec valorisation énergétique","Coume Dels Tres Pilous","Route Départementale 614",66600,"Calce",66030,"Calce",66,"Occitanie","Délégation de service public",307043,5273540,-1,"Centroïde de la commune",2499,"Cydel Sa","05","Entreprises et artisans","Route Départementale 614","les Tres Pilous",66600,"Calce",468649874,468649881,240000,42.751336,2.758474
2016,6353,"Uiom de Carhaix",298937845,298937909,"01/12/1995","08A","Incinération avec valorisation énergétique","Kervoazou",,29270,"Carhaix-Plouguer",29024,"Carhaix-Plouguer",29,"Bretagne","Marché de prestation de service",-393529,6153800,0.99,"Géolocalisation effectuée - Qualité suffisante",4531,"Novergie Grand Ouest et Centre","05","Entreprises et artisans","Centre d'Affaires Alphasis - Espace Performance 3","Bât P Cs 86820, Rue de la Terre Adélie",35760,"Saint-grégoire",223212300,223212310,30000,48.281381,-3.535166
2016,7321,"Uiom de Chambery",479683500,,"01/07/1977","08A","Incinération avec valorisation énergétique","336, Rue de Chantabord",,73000,"Chambéry",73065,"Chambéry",73,"Auvergne-Rhône-Alpes","Régie",657100,5713680,-1,"Centroïde de la commune",40163,"Smix Savoie Déchets","04H","Syndicat mixte","336, Rue de Chantabord","Cs 22425 Usine d'Incinération",73024,"Chambery",479683500,479683501,120000,45.59162,5.894192
2016,6741,"Uiom de Chartres",237369827,237369570,"01/01/1999","08A","Incinération avec valorisation énergétique","la Mare Corbonne Seresville",,28300,"Mainvilliers",28229,"Mainvilliers",28,"Centre-Val de Loire","Délégation de service public",160934,6184570,-1,"Centroïde de la commune",4035,"Orisane","05","Entreprises et artisans","La Mare Corbonne","Seresville",28300,"MAINVILLIERS",237369827,237369570,110000,48.468023,1.43003
2016,6532,"Uiom de Chaumont",325016969,325016960,"01/11/1998","08A","Incinération avec valorisation énergétique","Zi la Dame Huguenotte",,52000,"Chaumont",52121,"Chaumont",52,"Grand-Est","Délégation de service public",568389,6126100,-1,"Centroïde de la commune",2936,"Shmvd - Société Haut-Marnaise de Valorisation des Déchets","05","Entreprises et artisans","Zi de la Dame Huguenotte",,52000,"Chaumont",325016969,325016960,78000,48.115368,5.104954
2016,7297,"Uiom de Chavanod",450667777,,"15/10/1984","08A","Incinération avec valorisation énergétique","le Champ de l'Ale","310 Route du Champ de l'Ale",74650,"Chavanod",74067,"Chavanod",74,"Auvergne-Rhône-Alpes","Régie",672942,5762250,-1,"Centroïde de la commune",889,"Syndicat Mixte du Lac d'Annecy","04H","Syndicat mixte","7, Rue des Terasses",,74962,"Cran-gevrier*",450667777,450667788,138000,45.878328,6.058763
2016,6906,"Uiom de Concarneau",298973609,298508207,"15/05/1989","08A","Incinération avec valorisation énergétique","Concarneau",,29189,"Concarneau",29039,"Concarneau",29,"Bretagne","Marché de prestation de service",-436034,6089860,-1,"Centroïde de la commune",2817,"Geval Ouest - Concarneau","05","Entreprises et artisans","le Poteau Vert","Rue Neuve",29900,"Concarneau",298973609,298508207,58000,47.875153,-3.919401
2016,7271,"Uiom de Dijon",380764076,380501336,"01/07/1974","08A","Incinération avec valorisation énergétique","10 Route de Langres",,21000,"Dijon",21231,"Dijon",21,"Bourgogne-Franche-Comté","Régie",560832,6001310,1,"Géolocalisation effectuée - Qualité suffisante",2179,"Dijon Métropole","04D","Communauté urbaine","40, Avenue du Drapeau",,21000,"Dijon",380503535,380501336,140000,47.368825,5.047884
2016,6586,"Uiom de Fort-de-france",596427580,596427582,"01/04/2002","08A","Incinération avec valorisation énergétique","Morne Dillon Sud",,97200,"Fort-de-France",97209,"Fort-de-France",972,"Dom-Com","Marché de prestation de service",-6798580,1649080,-1,"Centroïde de la commune",9671,"La Martiniquaise de Valorisation","05C","Industrie","Morne Dillon Sud",,97200,"FORT-DE-FRANCE",596427580,596427582,115000,14.615801,-61.048355
2016,6556,"Uiom de Fourchambault",386907940,386907949,"01/05/2002","08A","Incinération avec valorisation énergétique","38 Route de Vauzelles",,58600,"Fourchambault",58117,"Fourchambault",58,"Bourgogne-Franche-Comté","Délégation de service public",344015,5945730,-1,"Centroïde de la commune",6135,"Sonirval - Véolia Propreté","05","Entreprises et artisans","38 Route Vauzelles",,58600,"FOURCHAMBAULT",386907940,386907949,46000,47.021412,3.092599
2016,7120,"Uiom de Gien",238298140,238383820,"01/01/1999","08A","Incinération avec valorisation énergétique","les Gâtines",,45500,"Gien",45155,"Gien",45,"Centre-Val de Loire","Marché de prestation de service",291767,6055120,-1,"Centroïde de la commune",6113,"Cideme - Groupe Tiru","05","Entreprises et artisans","les Gâtines",,45500,"Arrabloy",238298140,238383820,80000,47.685515,2.672178
2016,9184,"Uiom de Guichainville",232237190,232230267,"01/04/2003","08A","Incinération avec valorisation énergétique","Vc6 Lieu Dit Saint Laurent",,27930,"Guichainville",27306,"Guichainville",27,"Normandie","Marché de prestation de service",132999,6272320,-1,"Centroïde de la commune",4531,"Novergie Grand Ouest et Centre","05","Entreprises et artisans","Centre d'Affaires Alphasis - Espace Performance 3","Bât P Cs 86820, Rue de la Terre Adélie",35760,"Saint-grégoire",223212300,223212310,100000,48.981331,1.189049
2016,5553,"Uiom de Haguenau",388720497,388720494,"01/06/1990","08A","Incinération avec valorisation énergétique","4 Rue du Clausenhof","Bp 90317",67507,"Haguenau",67180,"Haguenau",67,"Grand-Est","Délégation de service public",870294,6247590,-1,"Centroïde de la commune",4767,"Suez Rv Energie (novergie Est)","05","Entreprises et artisans","17 Rue de Copenhague","Cs 30041",67012,"Schiltigheim",329788433,329781871,87600,48.804813,7.77882
2016,5453,"Uiom de Labeuvrière",321562909,321562849,"01/01/1979","08A","Incinération avec valorisation énergétique","Stock de Sars",,62122,"Labeuvrière",62479,"Labeuvrière",62,"Hauts-de-France","Marché de prestation de service",286260,6537110,-1,"Centroïde de la commune",33830,"Valnor","05","Entreprises et artisans","Rue Jean de Sars",,62122,"Labeuvrière",321565547,321562849,120000,50.526929,2.564596
2016,13325,"Uiom de Lasse",241821732,241822668,"01/08/2004","08A","Incinération avec valorisation énergétique","Lieu Dit Manet",,49490,"Lasse*",49173,"Lasse*",49,"Pays de la Loire","Délégation de service public",12.5,6031500,-1,"Centroïde de la commune",11619,"Onyx - Saved","05","Entreprises et artisans","Route de Mouliherne à Clefs",,49490,"Lasse",241821732,241822668,120000,,
2016,5677,"Uiom de Limoges",555457930,555457945,"01/06/1989","08A","Incinération avec valorisation énergétique","Centrale Energie Déchets","Avenue de Faugeras",87031,"Limoges",87085,"Limoges",87,"Nouvelle-Aquitaine","Marché de prestation de service",143589,5757160,-1,"Centroïde de la commune",5816,"Veolia Proprete - Société de Traitement et de Valorisation des Déchets du Limousin","05","Entreprises et artisans","Zi Romanet","23, Rue Tourcoing",87000,"Limoges",555300773,555307020,110000,,
2016,5614,"Uiom de Livet-et-gavet",476110109,,"01/07/1978","09A","Incinération sans valorisation énergétique","Chantellaret",,38220,"Livet-et-Gavet",38212,"Livet-et-Gavet",38,"Auvergne-Rhône-Alpes","Marché de prestation de service",660290,5636910,-1,"Centroïde de la commune",28197,"Veolia Proprete Rhin Rhône Siège Social","05","Entreprises et artisans","105 Av 8 Mai 1945",,69140,"Rillieux la Pape",472014949,472014950,18750,,
2016,6069,"Uiom de Lons le Saunier",384244794,384245476,"01/01/1994","08A","Incinération avec valorisation énergétique","Lons-le-saunier","Zi 350 Rue René Maire",39000,"Lons-le-Saunier",39300,"Lons-le-Saunier",39,"Bourgogne-Franche-Comté","Marché de prestation de service",618692,5888980,-1,"Centroïde de la commune",57017,"Juralia","05F","Services","350 Rue René Maire",,39000,"Lons-le-Saunier",,,40000,46.6742,5.552615
2016,5940,"Uiom de Ludres (nancy)",,,"01/01/1995","08A","Incinération avec valorisation énergétique","226 Rue  Victor Grignard",,54710,"Ludres",54328,"Ludres",54,"Grand-Est","Délégation de service public",6.19597,48.6152,1,"Géolocalisation effectuée - Qualité suffisante",3038,"Nancy Energie","05","Entreprises et artisans","6 Rue des Trezelots","Bp 33034 Pulnoy",54272,"Essey les Nancy",383255060,383261223,120000,48.615197,6.19597
2016,6150,"Uiom de Lunel Viel",467835949,467835948,"18/02/1999","08A","Incinération avec valorisation énergétique","Lunel-viel","Lieu-dit les Roussels Rn 113",34400,"Lunel-Viel",34146,"Lunel-Viel",34,"Occitanie","Délégation de service public",454744,5416080,-1,"Centroïde de la commune",2745,"Ocreal","05","Entreprises et artisans","Lieu-dit ""Les Roussels""","RN 113",34400,"LUNEL-VIEL",467835949,467835948,120000,43.677465,4.091033
2016,6766,"Uiom de Lyon Sud Gerland",478634040,,"10/01/1990","08A","Incinération avec valorisation énergétique","Gerland","Lyon Sud",69000,"Lyon",69123,"Lyon",69,"Auvergne-Rhône-Alpes","Régie",537604,5741680,-1,"Centroïde de la commune",4846,"Métropole de Lyon","04I","Métropole","20 Rue du Lac","Direction de la Propreté - Bp 3103",69003,"Lyon",426838880,478710963,270000,45.734971,4.839595
2016,6764,"Uiom de Marignier",450984314,,"17/10/1991","08A","Incinération avec valorisation énergétique","les Gravières","164, Impasse des Gravières",74970,"Marignier",74164,"Marignier",74,"Auvergne-Rhône-Alpes","Marché de prestation de service",722940,5795940,-1,"Centroïde de la commune",28197,"Veolia Proprete Rhin Rhône Siège Social","05","Entreprises et artisans","105 Av 8 Mai 1945",,69140,"Rillieux la Pape",472014949,472014950,45000,46.071902,6.493761
2016,5598,"Uiom de Messanges",558720394,558724757,"01/05/1974","09A","Incinération sans valorisation énergétique","Route d'Azur",,40660,"Messanges",40181,"Messanges",40,"Nouvelle-Aquitaine","Régie",-151895,5436090,-1,"Centroïde de la commune",5,"Synd Trait Ordur Menag Côte Sud des Landes","04H","Syndicat mixte","62 Che du Bayonnais","Zone Industrielle Arriet",40230,"Benesse-maremne",558720394,558724757,21000,43.795799,-1.322349
2016,5851,"Uiom de Montauban",563637458,563661443,"31/12/1986","08A","Incinération avec valorisation énergétique","786 avenue de Gasseras",,82000,"MONTAUBAN",82121,"Montauban",82,"Occitanie","Délégation de service public",152270,5468880,-1,"Centroïde de la commune",41026,"Suez Rv Energie","05","Entreprises et artisans","31 Rue Thomas Edison",,33612,"Canéjan",557260202,557264371,35000,44.019423,1.329042
2016,6121,"Uiom de Montbeliard",381902097,381905501,"01/09/1988","08A","Incinération avec valorisation énergétique","Rue du Champ du Cerf",,25200,"Montbéliard",25388,"Montbéliard",25,"Bourgogne-Franche-Comté","Délégation de service public",756107,6026820,-1,"Centroïde de la commune",5736,"Valinea","05","Entreprises et artisans","Rue du Champ du Cerf",,25200,"Montbeliard",381902097,381905501,60000,47.500534,6.813869
2016,5658,"Uiom de Mourenx",559716471,559716341,"09/03/1990","08A","Incinération avec valorisation énergétique","Uiom route du lac","Pôle 4",64150,"Mourenx",64410,"Mourenx",64,"Nouvelle-Aquitaine","Délégation de service public",-68829.1,5369080,-1,"Centroïde de la commune",17019,"Semariv","05","Entreprises et artisans","Ecosite",,91810,"VERT LE GRAND",169141600,169141647,14000,43.379471,-0.598841
2016,6500,"Uiom de Mulhouse",389311130,389311139,"01/07/1999","08A","Incinération avec valorisation énergétique","1, Route de Chalampé",,68390,"Sausheim",68300,"Sausheim",68,"Grand-Est","Marché de prestation de service",824190,6070860,-1,"Centroïde de la commune",4767,"Suez Rv Energie (novergie Est)","05","Entreprises et artisans","17 Rue de Copenhague","Cs 30041",67012,"Schiltigheim",329788433,329781871,170000,47.780334,7.418686
2016,7105,"Uiom de Nantes Alcéa",240525000,240525225,"12/10/1987","08A","Incinération avec valorisation énergétique","415 Rue de l'Etier",,44300,"Nantes",44109,"Nantes",44,"Pays de la Loire","Délégation de service public",-171033,5980870,-1,"Centroïde de la commune",52364,"Alcea","05","Entreprises et artisans","415 Rue de l'Etier",,44000,"Nantes",240525000,240525225,170000,47.222879,-1.507722
2016,5977,"Uiom de Nantes Arc en Ciel",,,"01/01/1994","08A","Incinération avec valorisation énergétique","la Cite Navale",,44220,"Couëron",44047,"Couëron",44,"Pays de la Loire","Délégation de service public",-189579,5981280,-1,"Centroïde de la commune",3110,"Arc-En-Ciel (Véolia Propreté)","05","Entreprises et artisans","la Cite Navale",,44220,"Coueron",240853678,240994800,100000,47.210154,-1.703392
2016,22784,"Uiom de Nîmes",466709520,466709521,"01/01/2004","08A","Incinération avec valorisation énergétique","Impasse des Jasons",,30900,"Nîmes",30189,"Nîmes",30,"Occitanie","Gestion privée",484456,5439540,-1,"Centroïde de la commune",17692,"Evolia","05","Entreprises et artisans","Impasse des Jasons","Bp 18066",30932,"Nîmes Cedex 9",466709520,466709521,110000,43.790836,4.342661
2016,5912,"Uiom de Paille",546599609,546075398,"01/10/1981","09A","Incinération sans valorisation énergétique","les Garennes",,17470,"Paillé",17271,"Paillé",17,"Nouvelle-Aquitaine","Délégation de service public",-43460.5,5777820,-1,"Centroïde de la commune",41517,"Cyclergie","05","Entreprises et artisans","la Garenne",,17470,"PAILLE",546599609,546597884,30000,,
2016,6339,"Uiom de Passy",450781048,,"01/01/1995","08A","Incinération avec valorisation énergétique","les Echartaz Sud","1159 Rue de la Centrale",74190,"Passy",74208,"Passy",74,"Auvergne-Rhône-Alpes","Délégation de service public",748939,5774010,-1,"Centroïde de la commune",2888,"Set Mont Blanc","05","Entreprises et artisans","1159, Route de la Centrale",,74190,"Passy",450781029,450780931,60000,45.919047,6.707539
2016,6808,"Uiom de Planguenoual",296329945,296329612,"01/01/1993","08A","Incinération avec valorisation énergétique","les Landes Lambert",,22400,"Planguenoual",22173,"Planguenoual",22,"Bretagne","Marché de prestation de service",-287347,6196780,-1,"Centroïde de la commune",4531,"Novergie Grand Ouest et Centre","05","Entreprises et artisans","Centre d'Affaires Alphasis - Espace Performance 3","Bât P Cs 86820, Rue de la Terre Adélie",35760,"Saint-grégoire",223212300,223212310,44800,48.511435,-2.518843
2016,7092,"Uiom de Plouharnel",,,"01/04/1971","09A","Incinération sans valorisation énergétique","Kernevé",,56340,"Plouharnel",56168,"Plouharnel",56,"Bretagne","Marché de prestation de service",-347008,6044020,1,"Géolocalisation manuelle",5846,"Geval Centre Morbihan / Grandjouan","05","Entreprises et artisans","Rue Saint Exupéry","Zi de Keryado",56100,"Lorient",297871677,297374577,31500,47.616248,-3.122055
2016,6221,"Uiom de Pluzunet",296359393,,"17/04/1997","08A","Incinération avec valorisation énergétique","Site du Quelven",,22140,"Pluzunet",22245,"Pluzunet",22,"Bretagne","Marché de prestation de service",-375605,6213440,-1,"Centroïde de la commune",25397,"Cnim Ouest Armor","05","Entreprises et artisans","Site du Quelven",,22140,"Pluzunet",296359393,396359721,59000,48.641135,-3.34085
2016,5643,"Uiom de Poitiers",549014281,549014850,"11/11/1984","08A","Incinération avec valorisation énergétique","1, Rue Edouard Branly","Zi de Saint-eloi",86000,"Poitiers",86194,"Poitiers",86,"Nouvelle-Aquitaine","Délégation de service public",41405.6,5874590,-1,"Centroïde de la commune",5318,"Soccoim (setrad)","05","Entreprises et artisans","Za les Pierrelets",,45380,"Chaingy",238466565,238466580,50000,46.59129,0.389522
2016,7139,"Uiom de Pontarlier",381466426,381466598,"02/11/1989","08A","Incinération avec valorisation énergétique","Zi les Petits Planchants",,25300,"Pontarlier",25462,"Pontarlier",25,"Bourgogne-Franche-Comté","Marché de prestation de service",711249,5928390,-1,"Centroïde de la commune",3013,"Suez Rv Centre Est Energie ( Novergie )","05","Entreprises et artisans","18 Rue Félix Mangini",,69009,"Lyon",437707171,437707172,37500,46.937796,6.422833
2016,5564,"Uiom de Pontcharra",476971952,,"01/04/1977","08A","Incinération avec valorisation énergétique","1293 Avenue Champollion",,38530,"Pontcharra",38314,"Pontcharra",38,"Auvergne-Rhône-Alpes","Marché de prestation de service",669286,5688260,-1,"Centroïde de la commune",4871,"Idex et Cie","05","Entreprises et artisans","148 / 152 Route de la Reine","Cs 60049",92513,"Boulogne-billancourt Cedex",,,20000,45.428271,6.004767
2016,5494,"Uiom de Pontenx-les-forges",558048019,558048041,"01/02/1997","08A","Incinération avec valorisation énergétique","Larrouza - chemin départemental 46",,40200,"Pontenx-les-Forges",40229,"Pontenx-les-Forges",40,"Nouvelle-Aquitaine","Marché de prestation de service",-121404,5505060,-1,"Centroïde de la commune",6647,"Cyclergie (92)","05","Entreprises et artisans","Tour Franklin - 10e étage","la Défense 8",92800,"Puteaux",558062587,558062594,42000,44.218477,-1.101475
2016,6975,"Uiom de Pontivy",297278886,297254298,"01/06/1989","08A","Incinération avec valorisation énergétique","Rue Vicat le Sourn",,56306,"Pontivy",56178,"Pontivy",56,"Bretagne","Marché de prestation de service",-330465,6117980,-1,"Centroïde de la commune",5333,"Argoat","05","Entreprises et artisans","Rue Vicat le Sourn",,56306,"Pontivy",297278886,297254298,33500,48.060388,-2.969041
2016,7016,"Uiom de Pontmain",243046801,243046800,"01/02/1984","08A","Incinération avec valorisation énergétique","les Basses Ansquillères","Route de Fougère",53220,"Pontmain",53181,"Pontmain",53,"Pays de la Loire","Délégation de service public",-118823,6179830,-1,"Centroïde de la commune",5354,"Smeco","05","Entreprises et artisans","les Basses Ansquillères","Route de Fougeres",53220,"Pontmain",243046801,243046800,63000,48.441618,-1.075707
2016,5599,"Uiom de Rambervillers",329653165,329654681,"01/03/1983","08A","Incinération avec valorisation énergétique","la Rosiere, Chemin de Romont",,88700,"Rambervillers",88367,"Rambervillers",88,"Grand-Est","Délégation de service public",738242,6164600,-1,"Centroïde de la commune",6013,"Société Vosgienne de Valorisation des Déchets","05","Entreprises et artisans","la Rosière - Chemin de Romont",,88700,"Rambervillers",329653165,329654681,95000,48.355656,6.621367
2016,5504,"Uiom de Reims",326855670,326854760,"01/01/1989","08A","Incinération avec valorisation énergétique","Zi les Essilards","Chemin du Moulin de Vrilly",51689,"Reims",51454,"Reims",51,"Grand-Est","Délégation de service public",450506,6317880,-1,"Centroïde de la commune",4841,"Remival","05","Entreprises et artisans","Zi les Essilard","Chemin du Moulin de Vrilly",51689,"Reims Cedex 2",326855670,326854760,104000,49.227391,4.089206
2016,5822,"Uiom de Rennes",299590917,299594765,"01/07/1968","08A","Incinération avec valorisation énergétique","Avenue Charles Tillon",,35067,"Rennes",35238,"Rennes",35,"Bretagne","Marché de prestation de service",-187150,6126150,-1,"Centroïde de la commune",4949,"Sobrec","05","Entreprises et artisans","Avenue Charles Tillon",,35067,"Rennes",299590917,299594765,144000,48.125477,-1.696202
2016,6770,"Uiom de Rillieux-la-pape Lyon Nord",472018602,472018610,"01/07/1989","08A","Incinération avec valorisation énergétique","Lyon Nord","1110 Route Mas Rillier",69140,"Rillieux-la-Pape",69286,"Rillieux-la-Pape",69,"Auvergne-Rhône-Alpes","Délégation de service public",545541,5752580,-1,"Centroïde de la commune",5522,"Valorly","05","Entreprises et artisans","1110 Rue de Mas du Rillier",,69140,"RILLIEUX LA PAPE",472018602,472018610,180000,45.815456,4.893045
2016,6314,"Uiom de Rosiers d'Egletons",555932563,555933384,"01/01/1997","08A","Incinération avec valorisation énergétique","Les chaux","Route departementale 16",19300,"Rosiers-d'Égletons",19176,"Rosiers-d'Égletons",19,"Nouvelle-Aquitaine","Marché de prestation de service",225008,5683490,-1,"Centroïde de la commune",2685,"Correze Incineration","05","Entreprises et artisans","Route Départementale 16 ""Les Chaux""",,19300,"ROSIERS-D'EGLETONS",555932563,555933384,40000,45.371424,2.065268
2016,6734,"Uiom de Rouen",,,"21/03/2000","08A","Incinération avec valorisation énergétique","48 Boulevard de Stalingrad",,76120,"Le Grand-Quevilly",76322,"Le Grand-Quevilly",76,"Normandie","Marché de prestation de service",115904,6345180,-1,"Centroïde de la commune",4568,"Societe Normande de Valorisation Energetique","05","Entreprises et artisans","Usine Vesta","48 Boulevard Stalingrad",76120,"Grand-quevilly",232114580,,325000,49.416949,1.022738
2016,5586,"Uiom de Saint Barthelemy",590278098,590278287,"08/12/2001","08A","Incinération avec valorisation énergétique","Zone Industrielle de Public","Bp 704",97133,"Saint-Barthélemy",97701,"Saint-Barthélemy",977,"Dom-Com","Marché de prestation de service",-6996370,2025690,1,"Géolocalisation manuelle",6112,"Cyclergie (Ouanalao Environnement)","05","Entreprises et artisans","Bp 704",,97099,"Saint-barthelemy",590278098,590278287,8900,,
2016,9278,"Uiom de Saint Jean de Folleville",232846010,232846011,"01/03/2003","08A","Incinération avec valorisation énergétique","Zac de Port Jérôme",,76170,"Saint-Jean-de-Folleville",76592,"Saint-Jean-de-Folleville",76,"Normandie","Délégation de service public",55707.1,6360870,-1,"Centroïde de la commune",5948,"Oreade","05","Entreprises et artisans","Zac de Port Jérôme",,76170,"Saint-jean-de-folleville",232846010,232846011,207500,49.52236,0.507996
2016,7355,"Uiom de Sens",386952580,,"10/11/1988","08A","Incinération avec valorisation énergétique","24, Rue des Longues Raies","Zi des Vauguillettes",89100,"SENS",89387,"Sens",89,"Bourgogne-Franche-Comté","Marché de prestation de service",364709,6137230,-1,"Centroïde de la commune",3046,"Valest - Sens","05","Entreprises et artisans","24, Rue des Longues Raies",,89100,"SENS",386952580,386954014,24000,48.192888,3.315697
2016,5649,"Uiom de Sète",467430955,,"25/11/1992","08A","Incinération avec valorisation énergétique","Zone Industrielle des Eaux Blanches",,34200,"Sète",34301,"Sète",34,"Occitanie","Marché de prestation de service",403348,5369700,-1,"Centroïde de la commune",4786,"Setom","05","Entreprises et artisans","Zone Industrielle les Eaux Blanches",,34200,"SETE",467430955,,44280,43.419513,3.713509
2016,6478,"Uiom de Taden",296852546,296858710,"01/01/2002","08A","Incinération avec valorisation énergétique","les Basse Landes Route de Ploubalay",,22100,"Taden",22339,"Taden",22,"Bretagne","Marché de prestation de service",-229009,6188070,-1,"Centroïde de la commune",56481,"Idex Environnement Bretagne","05","Entreprises et artisans","6 les Landes Basses","Route de Ploubalay",22100,"Taden",296852546,,106400,48.464886,-2.059019
2016,7157,"Uiom de Thonon-les-bains",450262122,,"01/05/1988","08A","Incinération avec valorisation énergétique","Zone Industrielle de Vongy","Avenue des Genévriers",74200,"Thonon-les-Bains",74281,"Thonon-les-Bains",74,"Auvergne-Rhône-Alpes","Marché de prestation de service",722559,5840630,-1,"Centroïde de la commune",56529,"Idex Environnement","05","Entreprises et artisans","148 / 152 Route de la Reine",,92513,"Boulogne-billancourt",147124327,147124480,38000,46.383017,6.505651
2016,7285,"Uiom de Tignes",479062345,,"01/07/1986","09A","Incinération sans valorisation énergétique","les Brevieres",,73321,"Tignes",73296,"Tignes",73,"Auvergne-Rhône-Alpes","Marché de prestation de service",771183,5696470,-1,"Centroïde de la commune",28197,"Veolia Proprete Rhin Rhône Siège Social","05","Entreprises et artisans","105 Av 8 Mai 1945",,69140,"Rillieux la Pape",472014949,472014950,13000,45.508179,6.919985
2016,7305,"Uiom de Tronville en Barrois",329788433,329781871,"01/01/1983","08A","Incinération avec valorisation énergétique","Route Nationale",,55310,"Tronville-en-Barrois",55519,"Tronville-en-Barrois",55,"Grand-Est","Gestion privée",587636,6227240,-1,"Centroïde de la commune",11579,"Meuse Energie - Agence de Troville-En-Barrois","05F","Services","Route Nationale",,55310,"TRONVILLE-EN-BARROIS",329788433,329781871,35000,48.71744,5.277944
2016,6792,"Uiom de Vernou-en-sologne",254814080,254814089,"01/09/1987","08A","Incinération avec valorisation énergétique","24, Route de Chambord",,41230,"VERNOU-EN-SOLOGNE",41271,"Vernou-en-Sologne",41,"Centre-Val de Loire","Régie",188665,6023860,-1,"Centroïde de la commune",1277,"Sieom du Groupement de Mer","04H","Syndicat mixte","9 Route Nationale",,41500,"Mer",254814138,254814089,12500,47.504149,1.673334
2016,6030,"Uiom de Villefranche-sur-saone",474688259,,"01/07/1984","08A","Incinération avec valorisation énergétique","130 Rue Benoit Frachon",,69400,"Villefranche-sur-Saône",69264,"Villefranche-sur-Saône",69,"Auvergne-Rhône-Alpes","Marché de prestation de service",526364,5777780,-1,"Centroïde de la commune",24517,"Cideme","05","Entreprises et artisans","90, Rue Benoît Frachon",,69400,"VILLEFRANCHE-SUR-SAONE",474621536,474090020,88000,45.987864,4.738905
2016,22785,"Uiom de Villers Saint Paul",344252064,344293417,"01/04/2004","08A","Incinération avec valorisation énergétique","Avenue Frédéric et Irène Joliot Curie",,60870,"Villers-Saint-Paul",60684,"Villers-Saint-Paul",60,"Hauts-de-France","Délégation de service public",277724,6323990,-1,"Centroïde de la commune",17693,"Esiane","05","Entreprises et artisans","Avenue Frédéric et Irene Jolliot Curie",,60870,"Villers-saint-paul",344293410,344293417,173250,49.280721,2.499307
2016,5820,"Uiom de Vitre",299758419,299750873,"01/01/1998","08A","Incinération avec valorisation énergétique","Zi de la Haie Robert",,35502,"Vitré",35360,"Vitré",35,"Bretagne","Marché de prestation de service",-135300,6127640,1,"Géolocalisation effectuée - Qualité suffisante",4531,"Novergie Grand Ouest et Centre","05","Entreprises et artisans","Centre d'Affaires Alphasis - Espace Performance 3","Bât P Cs 86820, Rue de la Terre Adélie",35760,"Saint-grégoire",223212300,223212310,25000,48.113269,-1.184307
2016,5908,"Uiom de l'Ile d'Oleron",546472391,546997630,"01/09/1976","09A","Incinération sans valorisation énergétique","le Bois d'Anga",,17310,"Saint-Pierre-d'Oléron",17385,"Saint-Pierre-d'Oléron",17,"Nouvelle-Aquitaine","Délégation de service public",-146300,5769560,-1,"Centroïde de la commune",2879,"Séché Eco-industries","05","Entreprises et artisans","les Hêtres","Cs 20020",53811,"Change",243596000,243596001,36000,45.926708,-1.282309
2016,5535,"Uiom de la Couronne",545672464,545386059,"01/04/1986","09A","Incinération sans valorisation énergétique","le Mas","103, Route Saint Michel",16400,"La Couronne",16113,"La Couronne",16,"Nouvelle-Aquitaine","Délégation de service public",11286.1,5717820,1,"Géolocalisation effectuée - Qualité suffisante",3122,"Novergie Sud Ouest","05","Entreprises et artisans","28 Avenue Leonard de Vinci",,33605,"PESSAC",557261263,557261595,32000,45.624575,0.09609
2016,5541,"Uiom de la Rochelle",546426612,,"01/10/1988","08A","Incinération avec valorisation énergétique","Zi Rue Chef de Baie",,17000,"La Rochelle",17300,"La Rochelle",17,"Nouvelle-Aquitaine","Délégation de service public",-133204,5805330,-1,"Centroïde de la commune",5318,"Soccoim (setrad)","05","Entreprises et artisans","Za les Pierrelets",,45380,"Chaingy",238466565,238466580,65000,46.147985,-1.210179
2016,5576,"Uiom de la Tronche Athanor",476595959,,"01/01/1972","08A","Incinération avec valorisation énergétique","Complexe de l'Ile d'Amour","Chemin de la Carronnerie",38700,"La Tronche",38516,"La Tronche",38,"Auvergne-Rhône-Alpes","Marché de prestation de service",639511,5654930,-1,"Centroïde de la commune",4819,"Cie Chauffage Agglo. Grenobloise","05","Entreprises et artisans","25 Avenue de Constantine",,38100,"GRENOBLE",476332360,476335646,185000,45.198702,5.751442
2016,5796,"Uiom des Pyrénées",559130060,559130066,"01/01/1972","08A","Incinération avec valorisation énergétique","Rue d'Arsonval","Bp 90347",64230,"Lescar",64335,"Lescar",64,"Nouvelle-Aquitaine","Délégation de service public",-47889,5360200,-1,"Centroïde de la commune",2917,"Béarn Environnement","05","Entreprises et artisans","Rue d'Arsonval","Bp 90347",64230,"Lescar",559130060,559130066,85000,43.314219,-0.433874
2016,34604,"Uiom la Veuve",326687010,326687001,"01/01/2006","08A","Incinération avec valorisation énergétique","Avenue des Crayères","Zi de la Veuve",51520,"La Veuve",51617,"La Veuve",51,"Grand-Est","Délégation de service public",481923,6281160,-1,"Centroïde de la commune",23696,"Aureade (La Veuve)","05","Entreprises et artisans","Avenue des Crayères","Zi de la Veuve",51520,"la Veuve",326687010,326687001,100000,49.038584,4.32465
2016,6335,"Utom d'Orléans",238790310,,"01/10/1995","08A","Incinération avec valorisation énergétique","651 Rue de la Motte Petree",,45770,"Saran",45302,"Saran",45,"Centre-Val de Loire","Marché de prestation de service",209294,6098370,-1,"Centroïde de la commune",3007,"Orvade","05","Entreprises et artisans","651 Rue de la Motte Petree",,45770,"Saran",238790310,238790320,115000,47.954732,1.861538
2016,6672,"Uve d'Antibes",,,"15/12/1969","08A","Incinération avec valorisation énergétique","Lieu Dit Font de Cine - Route de Grasse",,6600,"Antibes",6004,"Antibes",6,"PACA","Délégation de service public",786516,5403730,1,"Géolocalisation manuelle",26881,"Valomed","05","Entreprises et artisans","Route de Grasse","Uiom d'Antibes",6600,"Antibes",492965750,492965751,160000,43.595943,7.092671
2016,110713,"Uve de Benesse-marenne",558720394,558724757,"01/01/2017","08A","Incinération avec valorisation énergétique","62 Chemin du Bayonnais",,40230,"Bénesse-Maremne",40036,"Bénesse-Maremne",40,"Nouvelle-Aquitaine","Régie",-151980,5408990,-1,"Centroïde de la commune",5,"Synd Trait Ordur Menag Côte Sud des Landes","04H","Syndicat mixte","62 Che du Bayonnais","Zone Industrielle Arriet",40230,"Benesse-maremne",558720394,558724757,83000,43.628291,-1.39884
2016,6350,"Uve de Chinon (saint Benoît la Forêt)",,,"01/01/1984","08A","Incinération avec valorisation énergétique","Cd 751","le Palis",37500,"Saint-Benoît-la-Forêt",37210,"Saint-Benoît-la-Forêt",37,"Centre-Val de Loire","Marché de prestation de service",35939.7,5976250,-1,"Centroïde de la commune",40624,"Inova Operations Sas - Uve Chinon","05","Entreprises et artisans","Cd 751 - le Palis",,37500,"Saint-Benoît-la-Forêt",,,20000,,
2016,72090,"Uve de Fos-sur-mer Tmb",442057611,442057608,"01/01/2009","08A","Incinération avec valorisation énergétique","Zi de Fos sur Mer - Route Quai Minéralier","Lieu Dit Caban Sud",13270,"Fos-sur-Mer",13039,"Fos-sur-Mer",13,"PACA","Délégation de service public",540528,5376180,1,"Géolocalisation manuelle",36227,"Everé","05","Entreprises et artisans","Zi Fos sur Mer - Route Quai Minéralier","Lieu Dit Caban Sud",13270,"Fos-sur-mer",442057620,442057608,360000,43.420227,4.858675
2016,6616,"Uve de Metz (uiom)",,,"02/09/2001","08A","Incinération avec valorisation énergétique","Avenue de Blida",,57000,"Metz",57463,"Metz",57,"Grand-Est","Régie",690804,6292550,-1,"Centroïde de la commune",6092,"Metz Métropole","04G","Communauté d'agglomération","11, Boulevard Solidarité","Bp 55025 - Harmony Park",57070,"Metz Cedex 3",387201000,387201029,110000,49.127828,6.185111
2016,7067,"Uve de Nice",493549061,493272823,"01/01/1977","08A","Incinération avec valorisation énergétique","33, Boulevard de l'Ariane",,6300,"Nice",6088,"Nice",6,"PACA","Délégation de service public",811856,5424550,1,"Géolocalisation manuelle",5188,"Sonitherm","05","Entreprises et artisans","33, Boulevard de l'Ariane",,6300,"NICE",493549061,493272823,375000,43.73531,7.30142
2016,5461,"Uve de Noyelles-sous-lens",321707020,321707021,"01/01/1974","08A","Incinération avec valorisation énergétique","Noyelles-sous-lens","Rue du Docteur Schaffner",62221,"Noyelles-sous-Lens",62628,"Noyelles-sous-Lens",62,"Hauts-de-France","Délégation de service public",319907,6520830,-1,"Centroïde de la commune",44408,"Inova Opérations Sas - Uve Noyelles","05","Entreprises et artisans","Rue du Docteur Schaffner",,62221,"Noyelles-sous-lens",,,106000,50.430457,2.872111
2016,5839,"Uve de Pithiviers",,,"01/01/1997","08A","Incinération avec valorisation énergétique","Route de Bouzonville-en-beauce",,45300,"Pithiviers",45252,"Pithiviers",45,"Centre-Val de Loire","Délégation de service public",250167,6136970,-1,"Centroïde de la commune",40604,"Inova Operations Sas - Uve de Pithiviers","05","Entreprises et artisans","Route de Bouzonville-en-beauce",,45300,"Pithiviers",,,64000,48.184414,2.242852
2016,5860,"Uve de Toulon - Zephire",494899810,494225880,"01/06/1984","08A","Incinération avec valorisation énergétique","Chemin Gaetan Gastaldo","Quartier l'Escaillon",83200,"Toulon",83137,"Toulon",83,"PACA","Délégation de service public",655662,5331070,1,"Géolocalisation manuelle",56373,"Zephire (Idex-Pizzorno)","05","Entreprises et artisans","Chemin Gaetan Gastaldo","Quartier de l'Escaillon",83200,"Toulon",494238030,,285000,43.125792,5.889359
2016,5866,"Uve de Vedène",490310405,490315791,"06/01/1995","08A","Incinération avec valorisation énergétique","649 Avenue Maurice et Margueritte Vidier",,84270,"Vedène",84141,"Vedène",84,"PACA","Délégation de service public",544564,5460800,1,"Géolocalisation manuelle",38886,"Novergie Méditerranée","05","Entreprises et artisans","1330 Avenue Jr Guilibert de la Lauzière","Europarc Pichaury",13856,"Aix-en-provence",442991299,442991298,205400,43.9725,4.892853
2016,6611,"Uved Sirac - Colombelles",231724115,231780419,"01/01/1972","08A","Incinération avec valorisation énergétique","6 Rue Francis de Pressencé",,14460,"Colombelles",14167,"Colombelles",14,"Normandie","Délégation de service public",-32392.4,6308870,-1,"Centroïde de la commune",5229,"Sirac","05F","Services","6 Rue Francis de Pressencé",,14460,"Colombelles",231724115,231780419,130000,49.196546,-0.284966
2016,7342,"Uved du Mans",,,"01/01/1975","08A","Incinération avec valorisation énergétique","200 Bis Rue de l'Angevinière","Cedex 2",72027,"Le Mans",72181,"Le Mans",72,"Pays de la Loire","Délégation de service public",22430.8,6103800,-1,"Centroïde de la commune",26178,"Syner'val (veolia Recyclage et Valorisation des Déchets)","05","Entreprises et artisans","200 Bis Rue de l'Angevinière",,72027,"le Mans Cedex 2",243860150,243860250,140000,47.986213,0.180331
