Insee - Statistiques locales; ; 
Référentiel géographique : France par intercommunalité; ; 
Code;Libellé;Population municipale 2019
200000172;CC Faucigny-Glières;27181
200000438;CC du Pays de Pontchâteau Saint-Gildas-des-Bois;35656
200000545;CC des Portes de Romilly-sur-Seine;18593
200000628;CC Rhône Lez Provence;23838
200000800;CC Cœur de Sologne;10517
200000925;CC de la Plaine Dijonnaise;22050
200000933;CC Sauldre et Sologne;14555
200004802;CC du Pays de Fayence;28266
200005932;CC des Portes de Sologne;15440
200005957;CC de la Région de Rambervillers;12999
200006682;CA Beaune, Côte et Sud - Communauté Beaune-Chagny-Nolay;51207
200006716;CC du Nogentais;16791
200006930;CC du Haut Allier;5188
200006971;CC du Perche;18119
200007052;CC de la Marche Berrichonne;5621
200007177;CC Pays de Nérondes;4832
200010650;CA du Grand Dole;54626
200010700;CA Caux Seine Agglo;78006
200011773;CA Annemasse-les Voirons-Agglomération;90562
200011781;CC Portes du Berry entre Loire et Val d'Aubois;9540
200013050;CC Sauer-Pechelbronn;17379
200015162;CC de l'Oriente;6024
200016905;CC du Pays de Lamastre;6711
200017341;CC Lodévois et Larzac;14764
200017846;CA Étampois Sud-Essonne;54673
200018083;CC de Desvres-Samer;23301
200018166;CC Le Grésivaudan;102188
200018406;CC du Romorantinais et du Monestois;33566
200018521;CC du Val de Bouzanne;5985
200018653;CA Cap Excellence;99532
200022986;CC du Grand Pic Saint-Loup;49676
200023075;CC du Pays de Maîche;18621
200023125;CC Les Portes Briardes entre Villes et Forêts;45937
200023240;CC Pays de Nemours;29574
200023299;CC Cœur de Tarentaise;9138
200023307;CA du Grand Villeneuvois;47571
200023372;CC de la Vallée de Chamonix-Mont-Blanc;13110
200023414;Métropole Rouen Normandie;494299
200023620;CC de la Gascogne Toulousaine;22299
200023737;CA du Grand Cahors;41795
200023778;CA du Pays de Saint-Gilles-Croix-de-Vie;50311
200023794;CC de Blaye;20078
200023919;CC Gâtinais Val de Loing;18662
200026573;CC Haut-Jura Saint-Claude;20009
200027027;CC Arc Sud Bretagne;28125
200027076;CC Arnon Boischaut Cher;8080
200027100;CC Méditerranée Porte des Maures;44692
200027183;CU Perpignan Méditerranée Métropole;270200
200027217;CC Sarlat-Périgord Noir;16085
200027308;CC d'Auberive Vingeanne et Montsaugeonnais;8254
200027548;CC des Savanes;29773
200029734;CC des 4B Sud Charente;19921
200029999;CC Rives de l'Ain - Pays du Cerdon;14671
200030195;Métropole Nice Côte d'Azur;550498
200030385;CA de Blois Agglopolys;105445
200030435;CC d'Aire-sur-l'Adour;12864
200030526;CC du Ried de Marckolsheim;20330
200030633;CA du Caudrésis et du Catésis;64124
200030658;CC du Trièves;10120
200030674;CA Val de Garonne Agglomération;60226
200032514;CC Berry-Loire-Vauvise;5462
200033025;CA de Bar-le-Duc - Sud Meuse;34222
200033090;CC Plaines et Monts de France;25067
200033116;CC Cluses-Arve et Montagnes;46162
200033173;CC de la Haute Vallée de Chevreuse;25062
200033181;CA Chartres Métropole;136538
200033298;CC des Coëvrons;27140
200033579;CU d'Arras;108712
200033827;CC de Fium'orbu Castellu;13059
200033868;CC des Ballons des Hautes-Vosges;14987
200034023;CC Tarn-Agout;29234
200034031;CC des Monts d'Alban et du Villefranchois;6427
200034049;CC Centre Tarn;11118
200034056;CC du Lautrécois et du Pays d'Agout;14356
200034064;CC du Cordais et du Causse (4 C);5019
200034098;CC des Montagnes du Giffre;12142
200034130;CC Gally Mauldre;22100
200034197;CC de Montaigne Montravel et Gurson;12010
200034205;CC de la Costa Verde;10725
200034270;CC du Pays de Barr;24178
200034379;CC Pays d'Uzès;28961
200034411;CC du Piémont Cévenol;22029
200034601;CC Causses Aigoual Cévennes;5352
200034635;CC du Kochersberg;26130
200034692;CA du Gard Rhodanien;74645
200034700;CA Durance-Lubéron-Verdon Agglomération;62563
200034718;CC de Vitry, Champagne et Der;23641
200034726;CC Bastides de Lomagne;11254
200034825;CA du Grand Guéret;28527
200034833;CC des Bastides Dordogne-Périgord;18642
200034874;CC Côtes de Meuse Woëvre;5977
200034882;CC Pays du Mont-Blanc;45179
200034957;CC du Frontonnais;27217
200035087;CA Terre de Provence;59775
200035103;CC de la Vallée de la Haute Sarthe;7555
200035111;CC des Sources de l'Orne;11913
200035129;CC de Cèze Cévennes;19228
200035137;CC Marche Occitane - Val d'Anglin;6610
200035202;CC Charlieu-Belmont;23453
200035319;CA Estérel Côte d'Azur Agglomération;116268
200035327;CC Cazals-Salviac;5366
200035442;CC du Sud-Artois;27232
200035533;CC du Grand Saint-Émilionnais;14411
200035541;CC des Landes d'Armagnac;10789
200035632;CC Armagnac Adour;6788
200035707;CC Piège Lauragais Malepère;15875
200035715;CA Carcassonne Agglo;113933
200035723;CC Ventoux Sud;9474
200035731;CA Roannais Agglomération;100262
200035756;CC Astarac Arros en Gascogne;7185
200035764;CC de la Beauce Loirétaine;16914
200035772;CC du Pays du Saintois;14314
200035814;CA Flers Agglo;53555
200035848;CC du Châtillonnais en Berry;5693
200035855;CC Castelnaudary Lauragais Audois;27377
200035863;CC Région Lézignanaise, Corbières et Minervois;33436
200035970;CC Vexin Centre;24767
200036069;CC du Pays de Mortagne-au-Perche;13575
200036077;CC du Golfe de Saint-Tropez;57289
200036135;CC Cœur de France;18302
200036150;CC des Hauts du Val de Saône;8430
200036465;CC de Thann-Cernay;37388
200036473;CA de Saintes;60110
200036499;CC de Marana-Golo;24031
200036523;CC des Bastides en Haut-Agenais Périgord;16979
200036549;CC Val de Gray;20441
200037059;CC de la Haute Somme (Combles - Péronne - Roisel);27052
200037133;CC du Provinois;34691
200038958;CC de la Pieve de l'Ornano et du Taravo;12962
200038990;CC de Saint-Méen Montauban;26636
200039022;CA Vitré Communauté;81689
200039055;CC Ouche et Montagne;10893
200039063;CC Forêts, Seine et Suzon;7036
200039204;CC de Lacq-Orthez;52817
200039519;CC du Quercy Blanc;7736
200039642;CC Le Tonnerrois en Bourgogne;15519
200039709;CC du Serein;7172
200039758;CC Avallon, Vézelay, Morvan;18607
200039808;CC des Gorges de l'Ardèche;15367
200039824;CC Ardèche des Sources et Volcans;9703
200039832;CC Pays des Vans en Cévennes;9338
200039857;CA du Pays de Grasse;100162
200039865;Metz Métropole;224863
200039907;CC du Sud Messin;16535
200039915;CA Cannes Pays de Lérins;159774
200039931;CC Alpes d'Azur;9657
200039949;CC Rives de Moselle;52312
200040038;CC Saône Doubs Bresse;12205
200040095;CC Isle Vern Salembre en Périgord;18837
200040111;CC Cœur de Chartreuse;17052
200040137;CC des Lacs de Champagne;9296
200040178;CC de l'Outre-Forêt;16191
200040202;CC Provence Verdon;22268
200040210;CC Lacs et Gorges du Verdon;9168
200040244;CA du Bocage Bressuirais;73944
200040251;CC Bassée-Montois;23230
200040277;CA Agglo du Pays de Dreux;114916
200040293;CC du Clunisois;13946
200040350;CC Bugey Sud;34057
200040384;CC Isle Double Landais;12202
200040392;CA Le Grand Périgueux;103969
200040400;CC du Périgord Ribéracois;19520
200040418;CC du Pays de Serres en Quercy;8410
200040426;CC du Val de l'Oise;15962
200040442;CA Luberon Monts de Vaucluse;55034
200040459;CA Montélimar Agglomération;67520
200040475;CC Loué - Brûlon - Noyen;18201
200040491;CC Porte de Drômardèche;47435
200040509;CC du Crestois et de Pays de Saillans Cœur de Drôme;15863
200040558;CC Écueillé-Valençay;11016
200040566;CA de l'Ouest Rhodanien;50601
200040574;CC Beaujolais Pierres Dorées;53570
200040590;CA Villefranche Beaujolais Saône;72815
200040624;CC Pays d'Apt-Luberon;29122
200040657;CC de la Matheysine;18886
200040681;CC Enclave des Papes-Pays de Grignan;22802
200040715;Grenoble-Alpes-Métropole;446612
200040764;CC du Sud Corse;20488
200040772;CC du Perche et Haut Vendômois;9219
200040798;CC Val Vanoise;9148
200040814;CC Briance Sud Haute Vienne;9125
200040830;CC du Pays de Fénelon;9606
200040889;CC de Portes Sud Périgord;8417
200040905;CC Carmausin-Ségala;29737
200040947;CC de Flandre Intérieure;102759
200040954;CC des Hauts de Flandre;53578
200041010;CC Cœur de Savoie;37336
200041051;CC Vallée de la Dordogne et Forêt Bessède;8978
200041150;CC Terrassonnais Haut Périgord Noir;22262
200041168;CC de la Vallée de l'Homme;15636
200041283;CC de la Plaine du Rhin;18433
200041317;CA du Niortais;121642
200041325;CC du Pays Rhénan;36838
200041333;CC de Parthenay-Gâtine;37117
200041366;CC Rhône Crussol;33890
200041416;CC Airvaudais-Val du Thouet;6876
200041440;CC de Domme-Villefranche du Périgord;8523
200041465;CC Val Eyrieux;12470
200041499;CC Aunis Atlantique;30683
200041507;CA La Riviera du Levant;63748
200041515;CC du Bassin de Pont-à-Mousson;40566
200041523;CC de la Haute Saintonge;68248
200041556;CC Portes de la Creuse en Marche;6621
200041572;CC Dronne et Belle;11222
200041614;CC Aunis Sud;32162
200041622;CC Ardennes Thiérache;9684
200041630;CA Ardenne Métropole;121160
200041689;CC Vals de Saintonge Communauté;51999
200041721;CC de la Haute Comté;17336
200041762;CA Rochefort Océan;63480
200041788;CA du Pays Nord Martinique;97582
200041853;CC du Pays de Montbozon et du Chanois;6581
200041861;CC du Triangle Vert;11066
200041879;CC Terres de Saône;13324
200041887;CC du Val Marnaysien;14363
200041960;CC Pévèle-Carembault;96383
200041994;CC Haut Val de Sèvre;30818
200042000;CC Bruyères-Vallons des Vosges;15116
200042174;CA Lorient Agglomération;205008
200042182;CC du Mont des Avaloirs;15840
200042190;CA de la Porte du Hainaut;158714
200042372;CC des Coteaux Arrats Gimone;10735
200042414;CC Bresse Revermont 71;9882
200042463;CC de la Montagne Noire;5819
200042497;CC Dombes Saône Vallée;39119
200042604;CC de Granville, Terre et Mer;44328
200042620;CC de la Région de Suippes;7700
200042646;CC Grand Orb communauté de communes en Languedoc;20046
200042653;CC Sud-Hérault;17905
200042703;CC de l'Argonne Champenoise;11959
200042729;CC de la Baie du Cotentin;23027
200042901;CC Drôme Sud Provence;42697
200042935;CA Haut - Bugey Agglomération;63365
200042943;CC du Cap Corse;6706
200042992;CC Perthois-Bocage et Der;5677
200043016;CC Val de Charente;13776
200043065;CC du Val d'Amboise;27702
200043081;CC Chinon, Vienne et Loire;23465
200043123;CC Auray Quiberon Terre Atlantique;88405
200043156;CC du Pays Rethélois;29905
200043172;CA du Bassin de Brive;107281
200043263;CC Cœur de l'Avesnois;29451
200043321;CC du Pays de Mormal;48363
200043354;CC de Villedieu Intercom;15646
200043396;CA Maubeuge Val de Sambre;125085
200043404;CC du Sud Avesnois;24812
200043438;CC de la Moivre à la Coole;9470
200043495;CA du Pays de Laon;42147
200043602;CC des Albères, de la Côte Vermeille et de l'Illibéris;55751
200043628;CC des Vallées du Clain;26879
200043693;CC Terre Lorraine du Longuyonnais;15378
200043776;CC Pyrénées Audoises;13763
200043974;CC du Sud Gironde;38959
200043982;CC du Bazadais;15800
200043990;CC Vallons de Haute-Bretagne Communauté;44007
200044014;CC Creuse Grand Sud;11794
200044030;CC des 7 Vallées;29602
200044048;CC Osartis Marquion;42302
200044253;CC du Bassin de Joinville en Champagne;12421
200044394;CC du Réolais en Sud Gironde;23899
200044469;CC du Pays de Mirepoix;10512
200044618;CA Douaisis Agglo;148784
200044691;CA du Nord Grande Terre;56466
200046977;Métropole de Lyon;1411571
200048551;CC du Pays de Craon;28692
200049187;CA du Grand Verdun;27493
200049211;CC Conflent-Canigó;20559
200049484;CC Berry Grand Sud;11622
200050532;CC de Petite-Terre;N/A
200054781;Métropole du Grand Paris;7094649
200054807;Métropole d'Aix-Marseille-Provence;1898561
200055481;CC Beauce Val de Loire;19682
200055655;CA Roissy Pays de France;357396
200055887;CC Mayenne Communauté;36719
200056232;CA Communauté Paris-Saclay;313794
200056380;CA Plaine Vallée;183125
200057859;CA Cœur d'Essonne Agglomération;203528
200057958;CA Paris - Vallée de la Marne;228179
200058360;CC Entre Beauce et Perche;21132
200058477;CA Val d'Yerres Val de Seine;177448
200058485;CA Val Parisis;282028
200058519;CA Saint Germain Boucles de Seine;337615
200058782;CA de Saint-Quentin-en-Yvelines;228139
200059228;CA Grand Paris Sud Seine Essonne Sénart;353988
200059392;CC Bièvre Isère;55024
200059400;CC Porte Océane du Limousin;25686
200059871;CC du Centre-Ouest;N/A
200059889;CU Grand Paris Seine et Oise;421098
200060010;CA Mauges Communauté;119430
200060457;CA de Dembeni/Mamoudzou;N/A
200060465;CA du Grand Nord de Mayotte;N/A
200060473;CC du Sud;N/A
200065563;CC Normandie-Cabourg-Pays d'Auge;31212
200065589;CC Val ès Dunes;18560
200065597;CU Caen la Mer;270255
200065647;CA Pays de Montbéliard Agglomération;139970
200065787;CC de Pont-Audemer / Val de Risle;32801
200065886;CA Loire Forez Agglomération;110772
200065894;CC de Forez-Est;63837
200065928;CA Lannion-Trégor Communauté;99747
200066009;CA Mulhouse Alsace Agglomération;274133
200066017;CC Lieuvin Pays d'Auge;20519
200066025;CC Pays Rhin - Brisach;33460
200066033;CC Sud Alsace Largue;22317
200066041;CC Sundgau;47597
200066058;CA Saint-Louis Agglomération;81696
200066108;CC des Portes de Meuse;16388
200066116;CC Argonne-Meuse;7041
200066124;CA Gaillac-Graulhet;74286
200066132;CC du Pays de Stenay et du Val Dunois;9594
200066140;CC de l'Aire à l'Argonne;6452
200066157;CC de Commercy - Void - Vaucouleurs;22192
200066165;CC Val de Meuse - Voie Sacrée;9089
200066173;CC de Damvillers Spincourt;8197
200066223;CC Arize Lèze;10880
200066231;CC des Portes d'Ariège Pyrénées;39628
200066280;CC du Pithiverais;29281
200066322;CC Terres des Confluences;41834
200066330;CC Terres du Haut Berry;26060
200066348;CC du Minervois au Caroux;14528
200066355;CA Sète Agglopôle Méditerranée;126376
200066363;CC de la Haute Ariège;7088
200066371;CC Causses et Vallée de la Dordogne;45062
200066389;CA Saint-Lô Agglo;76116
200066405;CC Roumois Seine;41071
200066413;CC Intercom Bernay Terres de Normandie;54829
200066462;CC Interco Normandie Sud Eure;38141
200066512;CC Élan Limousin Avenir Nature;27765
200066520;CC Ouest Limousin;11306
200066553;CC des Monts de Lacaune et de la Montagne du Haut Languedoc;7985
200066561;CC Sidobre Vals et Plateaux;12467
200066587;CC des Monts du Lyonnais;35108
200066603;CC du Pays de Lubersac-Pompadour;7495
200066637;CC Hautes Terres Communauté;11554
200066645;CC Vézère-Monédières-Millesources;4976
200066652;CC Grand Sud Tarn et Garonne;42544
200066660;CC Saint-Flour Communauté;23515
200066678;CC de la Châtaigneraie Cantalienne;21099
200066710;CC Cingal-Suisse Normande;24516
200066728;CC Vallées de l'Orne et de l'Odon;25690
200066744;CC Haute-Corrèze Communauté;33102
200066751;CC Xaintrie Val'Dordogne;11298
200066769;CC Midi Corrézien;12956
200066777;CC Ploërmel Communauté;42024
200066785;CC de l'Oust à Brocéliande;39069
200066793;CA du Grand Annecy;207301
200066801;CC Isigny-Omaha Intercom;26543
200066819;CC du Volvestre;30344
200066827;CC du Pays de Honfleur-Beuzeville;27125
200066835;CC de Sézanne-Sud Ouest Marnais;21268
200066850;CC des Paysages de la Champagne;21053
200066868;CC Presqu'île de Crozon-Aulne maritime;22441
200066876;CA de Châlons-en-Champagne;79618
200066884;CC Quercy Vert-Aveyron;22349
200066892;CC de Vendeuvre-Soulaines;7617
200066918;CA Alès Agglomération;131290
200066926;CA Grand Auch Cœur de Gascogne;38899
200066975;CC Senlis Sud Oise;24171
200067023;CC Coutances Mer et Bocage;47784
200067031;CC Côte Ouest Centre Manche;21931
200067049;CC Spelunca-Liamone;7562
200067064;CC Decazeville Communauté;18634
200067072;CC Haut-Léon Communauté;31760
200067080;CC Chablis Villages et Terroirs;14823
200067106;CA du Pays Basque;315195
200067114;CA de l'Auxerrois;67651
200067122;CC Coteaux et Plaines du Pays Lafrançaisain;11058
200067130;CC de Puisaye-Forterre;33941
200067155;CC Saint Affricain, Roquefort, Sept Vallons;13639
200067163;CC Monts, Rance et Rougier;6261
200067171;CC Aubrac, Carladez et Viadène;10090
200067189;CC Creuse Sud Ouest;13500
200067197;CC Monts d'Arrée Communauté;7640
200067205;CA du Cotentin;178600
200067213;CU du Grand Reims;296154
200067239;CC des Luys en Béarn;28680
200067247;CC Pleyben-Châteaulin-Porzay;22846
200067254;CA Pau Béarn Pyrénées;161706
200067262;CC du Haut-Béarn;32082
200067288;CC du Béarn des Gaves;17413
200067296;CC du Nord Est Béarn;34506
200067304;CC Serein et Armance;23930
200067320;CC Serre-Ponçon Val d'Avance;7679
200067346;CA Pornic Agglo Pays de Retz;64343
200067361;CC Grand-Figeac;43654
200067379;CC Côtes de Champagne et Val de Saulx;11565
200067429;CC Haut Nivernais-Val d'Yonne;11960
200067437;CA Provence-Alpes-Agglomération;47463
200067445;CC Buëch-Dévoluy;9383
200067452;CC du Guillestrois et du Queyras;7968
200067460;CC Loudéac Communauté - Bretagne Centre;51202
200067478;CC Comtal Lot et Truyère;19536
200067486;CC Bouzonvillois-Trois Frontières;24121
200067502;CA Saint-Avold Synergie;52757
200067544;CC Creuse Confluence;16467
200067551;CA Thonon Agglomération;90531
200067593;CC Marche et Combraille en Aquitaine;13351
200067627;CC Billom Communauté;25912
200067635;CA Clisson Sèvre et Maine Agglo;56135
200067643;CC Meurthe Mortagne Moselle;16673
200067650;CC Houve-Pays Boulageois;23019
200067668;CC de la Cléry, du Betz et de l'Ouanne;20074
200067676;CC Canaux et Forêts en Gâtinais;27401
200067684;CA Épernay, Coteaux et Plaine de Champagne;47514
200067692;CC Tannay-Brinon-Corbigny;9623
200067700;CC Sud Nivernais;20491
200067742;CC Serre-Ponçon;16677
200067759;CC Vallées et Plateau d'Ardenne;24667
200067767;CC du Royans-Vercors;9593
200067783;CC de Hanau-La Petite Pierre;26445
200067791;CA Pays Foix-Varilhes;31947
200067817;CC Saône-Beaujolais;44540
200067825;CA Gap-Tallard-Durance;50483
200067841;CC de l'Alsace Bossue;24399
200067866;CC Sèvre et Loire;48655
200067874;CA de Haguenau;97508
200067882;CC Bazois Loire Morvan;15378
200067890;CC Morvan Sommets et Grands Lacs;12215
200067908;CC Amognes Cœur du Nivernais;8538
200067916;CC Cœur de Loire;24976
200067924;CC du Canton d'Erstein;48137
200067932;CA Golfe du Morbihan - Vannes Agglomération;171704
200067940;CC Couserans-Pyrénées;30002
200067957;CC Haut Chemin-Pays de Pange;19294
200067965;CA de la Région de Compiègne et de la Basse Automne;83159
200067973;CC Thelloise;61248
200067981;CA Guingamp-Paimpol Agglomération de l'Armor à l'Argoat;73427
200067999;CA du Beauvaisis;103985
200068005;CC de l'Oise Picarde;21088
200068047;CA Creil Sud Oise;88008
200068070;CC Loue-Lison;25427
200068088;CC Les Bertranges;19865
200068096;CC Champsaur-Valgaudemar;11251
200068104;CA de la Provence Verte;99760
200068112;CC du Pays de Saverne;35836
200068120;CA Quimper Bretagne Occidentale;100994
200068146;CC Sarrebourg Moselle Sud;45573
200068229;CC des Baronnies en Drôme Provençale;21073
200068278;CC Berry Loire Puisaye;17943
200068294;CC des Deux Vallées Vertes;15784
200068369;CC de Mirecourt Dompaire;18863
200068377;CC de la Porte des Vosges Méridionales;29262
200068435;CC Cœur du Perche;11268
200068443;CC Andaine - Passais;13162
200068450;CC Argentan Intercom;33409
200068468;CC des Pays de L'Aigle;25658
200068484;CC des Causses à l'Aubrac;14547
200068500;CA de Cambrai;81335
200068534;CC Terroir de Caux;37872
200068542;CC Les Balcons du Dauphiné;77331
200068559;CC de l'Ouest Vosgien;23270
200068567;CC Les Vals du Dauphiné;63325
200068625;CC Alpes-Provence-Verdon - Sources de Lumière;11422
200068641;CA Le Muretain Agglo;123234
200068658;CA de Chaumont;44441
200068666;CA de Saint-Dizier Der et Blaise;56395
200068674;CA Grand Lac;76759
200068682;CC Terre d'Eau;17536
200068757;CA d'Épinal;111025
200068765;CC du Sisteronais-Buëch;25103
200068773;CC des Vosges côté Sud Ouest;11923
200068781;CA Valence Romans Agglo;223826
200068799;CC Intercom de la Vire au Noireau;46362
200068807;CC du Bassin Auterivain Haut-Garonnais;32756
200068815;CC Cœur de Garonne;34937
200068831;CC Pays Ségali Communauté;17996
200068856;CC des Hauts du Perche;8163
200068864;CC de la Mossig et du Vignoble;24668
200068872;CC Éguzon - Argenton - Vallée de la Creuse;19580
200068880;CC Champagne Boischauts;9836
200068914;CC La Rochefoucauld porte du Périgord;21757
200068922;CC du Confluent et des Coteaux de Prayssas;18277
200068930;CC Fumel Vallée du Lot;24428
200068948;CC Albret Communauté;26013
200068955;CC Anjou Loir et Sarthe;27903
200068963;CC Maine Cœur de Sarthe;21395
200068989;CA Dinan Agglomération;98270
200068997;CA Arlysère;61292
200069003;CC du Barséquanais en Champagne;18705
200069029;CA des Deux Baies en Montreuillois;65940
200069037;CA du Pays de Saint-Omer;105142
200069052;CA Grand Belfort;102583
200069060;CC des Vosges du Sud;15145
200069086;CC Leff Armor Communauté;31404
200069094;CC Isle et Crempse en Périgord;14427
200069102;CC Randon - Margeride;5301
200069110;CA du Grand Chambéry;136503
200069128;CC Mont Lozère;5523
200069136;CC des Cévennes au Mont Lozère;5028
200069144;CC des Hautes Terres de l'Aubrac;5084
200069151;CC Gorges Causses Cévennes;6929
200069169;CC Dômes Sancy Artense;12621
200069177;CC Mond'Arverne Communauté;40663
200069185;CC des Terres d'Apcher-Margeride-Aubrac;10682
200069193;CC de la Dombes;39383
200069227;CC Pays Fort Sancerrois Val de Loire;18334
200069235;CC du Haut Pays du Montreuillois;15757
200069250;CA Troyes Champagne Métropole;172900
200069268;CC Aubrac Lot Causses Tarn;7954
200069300;CA Tarbes-Lourdes-Pyrénées;125346
200069383;CC Ouest Aveyron Communauté;27224
200069391;CA Lamballe Terre et Mer;67875
200069409;CA Saint-Brieuc Armor Agglomération;151755
200069417;CC Pays d'Orthe et Arrigans;23854
200069425;CA Mont-Saint-Michel-Normandie;87613
200069433;CC de Vezouze en Piémont;11693
200069441;CC du Pays de Bitche;33840
200069458;CC des Vallées d'Auge et du Merlerault;14353
200069482;CC des Campagnes de l'Artois;33179
200069516;CC Seulles Terre et Mer;17208
200069524;CC Pré-Bocage Intercom;24782
200069532;CA Lisieux Normandie;73252
200069540;CC Norge et Tille;16120
200069565;CC des Lacs et Montagnes du Haut-Doubs;16214
200069581;CC Convergence Garonne;32677
200069599;CC Rurales de l'Entre-deux-Mers;16560
200069615;CC Bresse Haute Seille;19032
200069623;CC Champagnole Nozeroy Jura;22702
200069631;CC Terres de Chalosse;18108
200069649;CC Chalosse Tursan;25966
200069656;CC Cœur Haute Lande;15698
200069664;CC Meuse Rognon;10740
200069672;CC du Ternois;37989
200069698;CC Mâconnais - Tournugeois;15688
200069722;CC Interrégionale Aumale - Blangy-sur-Bresle;21417
200069730;CC des 4 Rivières;29270
200069748;CC Val de Gâtine;21530
200069755;CC Mellois en Poitou;47387
200069763;CC du Haut-Poitou;41729
200069821;CA Fécamp Caux Littoral Agglomération;38310
200069839;CC de la Côte d'Albâtre;27800
200069847;CC Plateau de Caux-Doudeville-Yerville;21156
200069854;CU du Grand Poitiers;195262
200069912;CC des Forêts du Perche;7750
200069953;CC des Portes Euréliennes d'Île-de-France;48578
200069961;CC du Grand Châteaudun;40208
200069995;CC Médoc Cœur de Presqu'île;30387
200070035;CC du Civraisien en Poitou;27349
200070043;CC Vienne et Gartempe;39169
200070068;CC Communauté Bray-Eawy;25106
200070092;CA du Libournais;91475
200070100;CC du Val de Sully;24443
200070118;CC Val de Saône Centre;20651
200070126;CC Seine et Aube;10164
200070142;CC Lyons Andelle;20753
200070159;CC Cœur de Beauce;24456
200070167;CC Terres de Perche;14205
200070183;CC des Terres du Val de Loire;49013
200070233;CA Terres de Montaigu;49428
200070282;CC Lavalette Tude Dronne;17721
200070290;CC Coeur du Pays Haut;23230
200070308;CA Mâconnais Beaujolais Agglomération;78281
200070316;CC Entre Arroux, Loire et Somme;22056
200070324;CC du Territoire de Lunéville à Baccarat;40885
200070332;CC des Savoir-Faire;15160
200070340;CC Haute Maurienne Vanoise;8614
200070365;CC Corbières Salanque Méditerranée;23048
200070373;CC Loir-Lucé-Bercé;23745
200070407;CA Agglo Pays d'Issoire;56851
200070431;CC Saint-Marcellin Vercors Isère Communauté;44461
200070449;CC Inter-Caux-Vexin;55392
200070464;CC Cœur de Maurienne Arvan;14542
200070506;CC Pays de Nexon Monts de Chalus;13042
200070514;CA du Grand Cognac;69262
200070530;CC du Grand Autunois Morvan;35311
200070548;CC Brionnais Sud Bourgogne;15055
200070555;CC de la Veyle;22940
200070563;CC Terres Touloises;44441
200070571;CC Cœur de Berry;6874
200070589;CC de Seille et Grand Couronné;18750
200070647;CA Bergeracoise;60585
200070662;CC Bretagne porte de Loire Communauté;32191
200070670;CC du Pays de Dol et de la Baie du Mont Saint-Michel;23602
200070688;CC Couesnon Marches de Bretagne;21951
200070712;CC Thiers Dore et Montagne;37106
200070720;CC Médoc Atlantique;26866
200070738;CC Mad et Moselle;19916
200070746;CA Sarreguemines Confluences;64271
200070753;CA Riom Limagne et Volcans;67503
200070761;CC Ambert Livradois Forez;27571
200070779;CC Brie des Rivières et Châteaux;39557
200070787;CC du Plateau de Lannemezan;17765
200070795;CC du Pays de Trie et du Magnoac;6889
200070803;CC des Coteaux du Val d'Arros;11061
200070811;CC Pyrénées Vallées des Gaves;15334
200070829;CC Neste Barousse;7263
200070845;CC Orne Lorraine Confluences;53070
200070852;CC Usses et Rhône;20836
200070894;CC de Gevrey-Chambertin et de Nuits-Saint-Georges;29758
200070902;CC Auxonne Pontailler Val de Saône;23404
200070910;CC Tille et Venelle;4958
200070928;CC Terre de Picardie;18233
200070936;CC Ponthieu-Marquenterre;32952
200070944;CC du Vimeu;22536
200070951;CC du Territoire Nord Picardie;31096
200070969;CC Avre Luce Noye;21883
200070977;CC du Grand Roye;25510
200070985;CC de l'Est de la Somme;20177
200070993;CA de la Baie de Somme;48930
200071017;CC des Terres d'Auxois;15762
200071025;CC Haute-Provence-Pays de Banon;9815
200071033;CC Jabron-Lure-Vançon-Durance;5215
200071041;CC du Chaourçois et du Val d'Armance;10450
200071058;CC Les Avant-Monts;27377
200071066;CA de Saint-Dié-des-Vosges;74424
200071074;CC Les Portes de l'Ile de France;22585
200071082;CA Montluçon Communauté;60617
200071116;CA ECLA  (Espace Communautaire Lons Agglomération);34189
200071140;CA Moulins Communauté;64458
200071165;CA Les Sables d'Olonne Agglomération;54258
200071173;CC du Pays Arnay Liernais;7089
200071181;CC Somme Sud-Ouest;38575
200071199;CC Plaine Limagne;21266
200071207;CC de Pouilly-en-Auxois/Bligny-sur-Ouche;8585
200071215;CC Chavanon Combrailles et Volcans;12658
200071223;CC Nièvre et Somme;27972
200071298;CC des Terres du Lauragais;40815
200071314;CC des Hauts Tolosans;34333
200071363;CA Vichy Communauté;82810
200071371;CC Bresse et Saône;25388
200071389;CC Saint-Pourçain Sioule Limagne;34063
200071405;CC Ardèche Rhône Coiron;23005
200071413;CA Privas Centre Ardèche;43792
200071454;CA Evreux Portes de Normandie;109967
200071470;CC Entr'Allier Besbre et Loire;24684
200071496;CC du Bocage Bourbonnais;13748
200071504;CC des Collines du Perche Normand;12153
200071512;CC Commentry Montmarault Néris Communauté;25771
200071520;CC Domfront Tinchebray Interco;15827
200071538;CC Terres de Bresse;22353
200071546;CC Sud Retz Atlantique;24939
200071553;CC Loire Layon Aubance;56517
200071579;CC Bresse Louhannaise Intercom';28316
200071587;CC Loches Sud Touraine;51073
200071595;CC Arbois, Poligny, Salins, Cœur du Jura;21743
200071629;CC Challans-Gois Communauté;47909
200071645;CC Saint Cyr Mère Boitier entre Charolais et Mâconnais;8024
200071652;CC du Pays Fertois et du Bocage Carrougien;4932
200071678;CA Agglomération du Choletais;104398
200071751;CA du Bassin de Bourg-en-Bresse;133120
200071769;CC Picardie des Châteaux;17245
200071777;CC d'Arcis, Mailly, Ramerupt;11769
200071785;CA Chauny-Tergnier-La Fère;55189
200071819;CC du Périgord Nontronnais;15082
200071827;CA du Grand Angoulême;142267
200071843;CC du Vexin Normand;32432
200071850;CC du Pithiverais-Gâtinais;25939
200071868;CC des Vallées du Haut-Anjou;36302
200071876;CA Saumur Val de Loire;98862
200071884;CC Le Grand Charolais;40194
200071892;CA du Saint-Quentinois;80263
200071900;CC Vendée Grand Littoral;34408
200071918;CC du Pays de Saint-Fulgent - Les Essarts;28208
200071926;CC du Limouxin;27429
200071934;CC Pays de Fontenay-Vendée;35057
200071942;CC Haut Limousin en Marche;22628
200071967;CC Pays d'Évian Vallée d'Abondance;41642
200071983;CC Thiérache Sambre et Oise;16588
200071991;CC Retz-en-Valois;28980
200072007;CC de la Montagne d'Ardèche;4846
200072015;CA Annonay Rhône Agglo;48798
200072023;CC Cœur de Charente;21980
200072031;CA de la Région de Château-Thierry;54491
200072049;CC de Charente Limousine;35346
200072056;CC Porte du Jura;10574
200072064;CC Val-de-Cher-Controis;47407
200072072;CA Territoires Vendômois;52836
200072080;CC du Pays de Saint-Éloy;15666
200072098;CC Combrailles Sioule et Morge;19347
200072106;CC Adour Madiran;24103
200072130;CA du Pays de Meaux;107252
200072304;CC Vallée de l'Ubaye - Serre-Ponçon;7678
200072312;CA Seine Normandie Agglomération;82408
200072320;CC Val de Gers;10051
200072346;CA du Pays de Fontainebleau;68601
200072452;CA Fougères Agglomération;55874
200072460;CA de Béthune-Bruay, Artois-Lys Romane;276238
200072478;CC Pays d'Opale;25267
200072544;CC des Deux Morin;26639
200072635;CC Pyrénées Haut Garonnaises;15588
200072643;CC Cœur et Coteaux du Comminges;44370
200072650;CC Touraine Vallée de l'Indre;53437
200072668;CC Touraine Val de Vienne;25022
200072676;CC Maine Saosnois;27740
200072684;CC Le Gesnois Bilurien;31152
200072692;CC des Vallées de la Braye et de l'Anille;15233
200072700;CC Haute Sarthe Alpes Mancelles;22801
200072718;CC de la Champagne Conlinoise et du Pays de Sillé;18180
200072726;CC Châteaubriant-Derval;44419
200072734;CC Estuaire et Sillon;39647
200072825;CC Mirebellois et Fontenois;12590
200072874;CC Val Briard;28266
200072882;CC de Vie et Boulogne;44740
200072981;CC Touraine Ouest Val de Loire;33242
200072999;CC du Grand Langres;20815
200073013;CC Carnelle Pays-de-France;32281
200073096;CA Arche Agglo;57897
200073104;CC de l'Île-Rousse - Balagne;10653
200073112;CC Sud Sarthe;22763
200073120;CC Nebbiu - Conca d'Oro;7501
200073138;CC Pasquale Paoli;6122
200073146;CC Cagire Garonne Salat;17696
200073161;CC Touraine-Est Vallées;40118
200073237;CC de Gâtine et Choisilles - Pays de Racan;21795
200073245;CC du Bassin d'Aubenas;40310
200073252;CC de la Castagniccia-Casinca;12461
200073260;CC Sud Vendée Littoral;54853
200073344;CA Rambouillet Territoires;79127
200073393;CC des Rives du Haut-Allier;16663
200073401;CC Mézenc-Loire-Meygal;11245
200073419;CA du Puy-en-Velay;82871
200073427;CC Marches du Velay-Rochebaron;30831
200077014;CA Vienne Condrieu;91578
200083392;CA Laval Agglomération;114340
200084952;CU Le Havre Seine Métropole;267618
200085728;CC Brioude Sud Auvergne;16739
200085751;CC Entre Bièvre et Rhône;68386
200089456;CA Seine-Eure;103346
200090504;CA Coulommiers Pays de Brie;92727
200090561;CC Vierzon-Sologne-Berry;38681
200090579;CC Terre d'Émeraude Communauté;24692
200090751;CA Grand Calais Terres et Mers;103893
200093201;Métropole Européenne de Lille;1179050
200096634;CC des Hautes Vosges;21195
200096642;CC Gérardmer Hautes Vosges;14256
200096675;CC Baud Communauté;16071
200096683;CC Centre Morbihan Communauté;26821
200096956;CA Agglomération d'Agen;101365
240100610;CC de la Côtière à Montluel;24864
240100750;CA du Pays de Gex;98257
240100800;CC de Miribel et du Plateau;24270
240100883;CC de la Plaine de l'Ain;79063
240100891;CC du Pays Bellegardien (CCPB);21865
240200444;CC de la Thiérache du Centre;26284
240200469;CC du Pays de la Serre;14453
240200477;CA GrandSoissons Agglomération;52764
240200493;CC du Pays du Vermandois;31152
240200501;CC du Val de l'Aisne;20241
240200519;CC du Canton d'Oulchy-le-Château;5615
240200576;CC de la Champagne Picarde;20820
240200584;CC du Canton de Charly-sur-Marne;15642
240200592;CC du Chemin des Dames;5497
240200600;CC des Trois Rivières;21008
240200634;CC des Portes de la Thiérache;6920
240300491;CC du Pays de Lapalisse;8465
240300558;CC du Pays de Tronçais;7490
240300566;CC du Val de Cher;5550
240300657;CC du Pays d'Huriel;7438
240400440;CC Pays Forcalquier et Montagne de Lure;9986
240500439;CC du Briançonnais;19719
240500462;CC du Pays des Ecrins;6593
240600551;CA de la Riviera Française;73890
240600585;CA de Sophia Antipolis;178917
240600593;CC du Pays des Paillons;21385
240700302;CC du Pays Beaume-Drobie;8994
240700617;CC Val de Ligne;6143
240700716;CC du Val d'Ay;5967
240700815;CC Berg et Coiron;7855
240700864;CC du Rhône aux Gorges de l'Ardèche;18917
240800821;CC Ardenne, Rives de Meuse;26252
240800847;CC des Portes du Luxembourg;19917
240800862;CC des Crêtes Préardennaises;21816
240800920;CC de l'Argonne Ardennaise;17181
240900431;CC du Pays de Tarascon;8398
240900464;CC du Pays d'Olmes;14832
241000223;CC Forêts, Lacs, Terres en Champagne;6872
241000405;CC de la Région de Bar-sur-Aube;10889
241000447;CC du Pays d'Othe;7756
241000488;CC de l'Orvin et de l'Ardusson;8440
241100593;CA Le Grand Narbonne;130952
241200187;CA Rodez Agglomération;56080
241200542;CC du Réquistanais;5283
241200567;CC de Millau Grands Causses;29496
241200625;CC du Pays Rignacois;5623
241200641;CC Conques-Marcillac;12048
241200658;CC du Pays de Salars;7922
241200674;CC du Plateau de Montbazens;6155
241200765;CC de Lévézou Pareloup;5342
241200807;CC Aveyron Bas Ségala Viaur;5538
241200906;CC Larzac et Vallées;6350
241200914;CC de la Muse et des Raspes du Tarn;5512
241300375;CC Vallée des Baux-Alpilles (CC VBA);27836
241300417;CA d'Arles-Crau-Camargue-Montagnette;83546
241400415;CC Cœur Côte Fleurie;20619
241400514;CC du Pays de Falaise;27724
241400555;CC de Bayeux Intercom;29715
241400860;CC Cœur de Nacre;23726
241400878;CC Terre d'Auge;19174
241500230;CA du Bassin d'Aurillac;53407
241500255;CC du Pays Gentiane;6720
241500271;CC du Pays de Mauriac;6627
241501055;CC Sumène - Artense;8343
241501089;CC Cère et Goul en Carladès;4916
241501139;CC du Pays de Salers;8466
241600303;CC du Rouillacais;9985
241700434;CA de La Rochelle;174277
241700459;CC de l'Île de Ré;17389
241700517;CC Cœur de Saintonge;17342
241700624;CC de l'Île d'Oléron;21972
241700632;CC de Gémozac et de la Saintonge Viticole;14548
241700640;CA Royan Atlantique;83661
241700699;CC du Bassin de Marennes;15487
241800374;CC La Septaine;10783
241800424;CC Le Dunois;7371
241800432;CC Les Trois Provinces;5085
241800457;CC FerCher;11496
241800507;CA Bourges Plus;102626
241900133;CC de Ventadour - Egletons - Monédières;10148
241927201;CA Tulle Agglo;44658
241927243;CC du Pays d'Uzerche;9875
242000354;CA de Bastia;62240
242000495;CC de l'Alta Rocca;8519
242000503;CC Celavu-Prunelli;8943
242010056;CA du Pays Ajaccien;88483
242010130;CC du Sartenais Valinco Taravo;11550
242020071;CC du Centre Corse;9839
242020105;CC de Calvi Balagne;12572
242100154;CC des Vallées de la Tille et de l'Ignon;13694
242100410;Dijon Métropole;255127
242101434;CC du Pays Châtillonnais;19615
242101442;CC de Saulieu;5292
242101459;CC du Pays d'Alésia et de la Seine;7460
242101491;CC du Montbardois;10389
242101509;CC Rives de Saône;20455
242200715;CC du Kreiz-Breizh (CCKB);18196
242300135;CC du Pays Sostranien;10507
242320000;CC de Bénévent Grand Bourg;6879
242320109;CC du Pays Dunois;6958
242400752;CC Périgord-Limousin;14100
242400935;CC du Pays de Saint-Aulaye;6685
242401024;CC Isle-Loue-Auvézère en Périgord;13631
242500320;CC de Montbenoît;7992
242500338;CC du Grand Pontarlier;27732
242500361;CU Grand Besançon Métropole;195745
242504116;CC du Val de Morteau;20894
242504181;CC des Portes du Haut-Doubs;26440
242504355;CC du Plateau de Russey;6753
242504371;CC du Pays de Sancey-Belleherbe;5479
242504447;CC du Doubs Baumois;16026
242504488;CC Altitude 800;6480
242504496;CC du Plateau de Frasne et du Val de Drugeon (CFD);6161
242600252;CC du Val de Drôme en Biovallée;30442
242600492;CC Dieulefit-Bourdeaux;9537
242600534;CC du Diois;11745
242700276;CC du Pays de Conches;18539
242700607;CC du Pays du Neubourg;22581
242852465;CC du Bonnevalais;12247
242900074;CC du Pays d'Iroise;48630
242900314;Brest Métropole;211156
242900553;CC du Pays des Abers;41400
242900561;CC de Haute Cornouaille;14864
242900629;CC Cap Sizun - Pointe du Raz;15292
242900645;CC Douarnenez Communauté;18227
242900660;CC du Pays Fouesnantais;28475
242900694;CA Quimperlé Communauté;55993
242900702;CC du Pays Bigouden Sud;37530
242900710;CC du Haut Pays Bigouden;18334
242900744;CC Poher communauté;15337
242900751;CC du Pays de Landivisiau;33097
242900769;CA Concarneau Cornouaille Agglomération;50975
242900793;CC Communauté Lesneven Côte des Légendes;27443
242900801;CA du Pays de Landerneau-Daoulas;49030
242900835;CA Morlaix Communauté;64603
243000270;CC du Pays Viganais;10005
243000296;CC du Pays de Sommières;23895
243000569;CC Rhony, Vistre, Vidourle;27327
243000585;CC Beaucaire Terre d'Argence;31293
243000593;CC de Petite Camargue;27094
243000643;CA de Nîmes Métropole;257666
243000650;CC Terre de Camargue;20515
243000684;CC du Pont du Gard;25344
243100518;Toulouse Métropole;796203
243100567;CC Lauragais Revel Sorezois;21588
243100633;CA du Sicoval;80357
243100732;CC des Coteaux du Girou;21926
243100773;CC Val'Aïgo;17962
243100781;CC de la Save au Touch;41665
243100815;CC des Coteaux Bellevue;20620
243200391;CC de la Lomagne Gersoise;19173
243200409;CC du Bas Armagnac;8561
243200417;CC de la Tenarèze;14477
243200425;CC Cœur d'Astarac en Gascogne;7671
243200458;CC du Grand Armagnac;13307
243200508;CC Bastides et Vallons du Gers;7057
243200599;CC du Saves;9628
243200607;CC Artagnan de Fezensac;7006
243300316;Bordeaux Métropole;814049
243300563;CA Bassin d'Arcachon Sud (COBAS);68185
243300811;CC de l'Estuaire;15775
243301165;CC Jalle-Eau-Bourde;32094
243301181;CC Latitude Nord Gironde;20802
243301215;CC du Créonnais;17785
243301223;CC du Grand Cubzaguais;36223
243301249;CC Les Rives de la Laurence;28194
243301264;CC de Montesquieu;45223
243301355;CC Les Coteaux Bordelais;20739
243301371;CC du Pays Foyen;16637
243301389;CC Médullienne;21741
243301397;CC du Fronsadais;17298
243301405;CC du Val de l'Eyre;20764
243301439;CC des Portes de l'Entre-deux-Mers;21685
243301447;CC Médoc Estuaire;29490
243301454;CC Castillon/Pujols;19054
243301504;CA du Bassin d'Arcachon Nord;69703
243400017;Montpellier Méditerranée Métropole;491417
243400355;CC du Clermontais;28135
243400470;CA du Pays de l'Or;44890
243400488;CC La Domitienne;28610
243400520;CC du Pays de Lunel;50939
243400694;CC Vallée de l'Hérault;40294
243400736;CC des Cévennes Gangeoises et Suménoises;13162
243400769;CA de Béziers-Méditerranée;126968
243400819;CA Hérault-Méditerranée;80259
243500139;Rennes Métropole;457416
243500550;CC Montfort Communauté;26044
243500618;CC Brocéliande Communauté;18825
243500634;CC Roche aux Fées Communauté;26714
243500659;CC Pays de Châteaugiron Communauté;26931
243500667;CC Val d'Ille-Aubigné;37482
243500725;CC Côte d'Émeraude;31728
243500733;CC Bretagne Romantique;35523
243500741;CA Redon Agglomération;66655
243500774;CC Liffré-Cormier Communauté;26740
243500782;CA du Pays de Saint Malo Agglomération;84638
243600202;CC Chabris - Pays de Bazelle;6191
243600236;CC du Pays d'Issoudun;19545
243600293;CC de la Région de Levroux;6321
243600301;CC Val de l'Indre - Brenne;13533
243600319;CC Brenne - Val de Creuse;17763
243600327;CA Châteauroux Métropole;72767
243600343;CC Cœur de Brenne;4701
243600350;CC de la Châtre et Sainte-Sévère;16289
243700499;CC du Castelrenaudais;16638
243700754;Tours Métropole Val de Loire;296074
243700820;CC de Bléré Val de Cher;21513
243800604;CA Porte de l'Isère (C.A.P.I);108649
243800745;CC de l'Oisans;10672
243800935;CC Lyon Saint Exupéry en Dauphiné;28957
243800984;CA du Pays Voironnais;94130
243801024;CC du Massif du Vercors;11841
243801073;CC de Bièvre Est;22428
243801255;CC des Collines du Nord Dauphiné;24950
243900354;CC de la Station des Rousses-Haut Jura;7137
243900420;CC du Val d'Amour;9036
243900479;CC Haut-Jura Arcade Communauté;9208
243900560;CC Jura Nord;11678
243900610;CC La Grandvallière;5404
243901089;CC de la Plaine Jurassienne;9169
244000543;CC de Mimizan;12532
244000659;CC du Seignanx;28170
244000675;CA du Grand Dax;55657
244000691;CC du Pays Morcenais;9365
244000766;CC du Pays Tarusate;17714
244000774;CC du Pays de Villeneuve en Armagnac Landais;6264
244000808;CA Mont-de-Marsan Agglomération;53875
244000824;CC du Pays Grenadois;7657
244000857;CC Côte Landes Nature;12093
244000865;CC Maremne Adour Côte Sud;68368
244000873;CC des Grands Lacs;30076
244000881;CC Coteaux et Vallées des Luys;7629
244100293;CC des Collines du Perche;6017
244100780;CC de la Sologne des Étangs;8677
244100798;CC du Grand Chambord;20710
244100806;CC de la Sologne des Rivières;10546
244200614;CC des Vals d'Aix et Isable;5885
244200622;CC des Monts du Pilat;15330
244200630;CC du Pays entre Loire et Rhône;13966
244200770;Saint-Etienne Métropole;405479
244200820;CC du Pays d'Urfé;5197
244200895;CC du Pilat Rhodanien;16839
244300307;CC du Pays de Montfaucon;8015
244301016;CC des Sucs;18141
244301099;CC Auzon Communauté;9337
244301107;CC du Haut-Lignon;8058
244301123;CC des Pays de Cayres et de Pradelles;5175
244301131;CC Loire et Semène;20495
244400404;Nantes Métropole;665204
244400438;CC Grand Lieu Communauté;40216
244400453;CC de la Région de Blain;16379
244400503;CC d'Erdre et Gesvres;64546
244400537;CC de Nozay;16065
244400552;CC du Pays d'Ancenis;67894
244400586;CC du Sud Estuaire;30373
244400610;CA de la Presqu'île de Guérande Atlantique (Cap Atlantique);75119
244400644;CA de la Région Nazairienne et de l'Estuaire (CARENE);127395
244500203;CA Montargoise et Rives du Loing (A.M.E.);62517
244500211;CC Giennoises;24284
244500419;CC des Quatre Vallées;17269
244500427;CC des Loges;42635
244500468;Orléans Métropole;288229
244500484;CC de la Forêt;17283
244500542;CC de la Plaine du Nord Loiret;6878
244600433;CC de la Vallée du Lot et du Vignoble;14465
244600482;CC Quercy - Bouriane;10058
244600532;CC du Pays de Lalbenque-Limogne;8501
244600573;CC du Causse de Labastide-Murat;3909
244700449;CC du Pays de Duras;5740
244700464;CC du Pays de Lauzun;10372
244701355;CC des Coteaux et Landes de Gascogne;12402
244701405;CC Lot et Tolzac;7364
244800405;CC Cœur de Lozère;15638
244800470;CC du Gévaudan;9638
244900015;CU Angers Loire Métropole;302399
244900809;CC Anjou Bleu Communauté;34486
244900882;CC Baugeois Vallée;35311
245100615;CC de la Grande Vallée de la Marne;14507
245100888;CC de la Brie Champenoise;7582
245100979;CC du Sud Marnais;5841
245200597;CC des Trois Forêts;7494
245300223;CC du Pays de Meslay-Grez;13810
245300355;CC de l'Ernée;20832
245300389;CC du Bocage Mayennais;18671
245300447;CC du Pays de Château-Gontier;30289
245400171;CC Moselle et Madon;28422
245400189;CC des Pays du Sel et du Vermois;28992
245400262;CA Grand Longwy Agglomération;62433
245400510;CC du Pays de Colombey et du Sud Toulois;11336
245400601;CC du Bassin de Pompey;40157
245400676;Métropole du Grand Nancy;257915
245400759;CC du Pays du Sanon;5897
245500327;CC du Sammiellois;8503
245501176;CC du Territoire de Fresnes-en-Woëvre;4760
245501184;CC du Pays de Revigny-sur-Ornain;7153
245501242;CC du Pays d'Étain;7559
245501259;CC du Pays de Montmédy;6999
245600440;CC de Blavet Bellevue Océan;18248
245600465;CC de Belle-Île-en-Mer;5483
245614383;CC Questembert Communauté;23873
245614417;CC Roi Morvan Communauté;24485
245614433;CC Pontivy Communauté;46456
245700133;CC du District Urbain de Faulquemont (DUF);24277
245700372;CA de Forbach Porte de France;76764
245700398;CC de Freyming-Merlebach;31541
245700695;CC de Cattenom et Environs;27310
245700950;CC du Pays de Phalsbourg;17437
245701164;CC du Warndt;17955
245701206;CC du Saulnois;28525
245701222;CA du Val de Fensch;70772
245701271;CC du Pays Orne Moselle;52842
245701354;CC de l'Arc Mosellan;35150
245701362;CA Portes de France-Thionville;80927
245701404;CC du Pays Haut Val d'Alzette;29195
245801063;CC Loire et Allier;7220
245804406;CA de Nevers;65440
245804497;CC du Nivernais Bourbonnais;5379
245900428;CU de Dunkerque;194655
245900758;CC Flandre Lys;39469
245901038;CC du Pays Solesmois;14749
245901152;CC Cœur d'Ostrevent;70800
245901160;CA Valenciennes Métropole;192550
246000129;CC du Liancourtois;23843
246000376;CC du Clermontois;37280
246000566;CC du Plateau Picard;30139
246000582;CC des Sablons;38407
246000707;CC du Vexin-Thelle;20473
246000749;CC des Lisières de l'Oise;16157
246000756;CC du Pays Noyonnais;32593
246000764;CC de l'Aire Cantilienne;44863
246000772;CC des Deux Vallées;22765
246000848;CC de la Picardie Verte;32558
246000855;CC du Pays des Sources;22079
246000871;CC du Pays de Valois;55842
246000897;CC de la Plaine d'Estrées;18169
246000913;CC du Pays de Bray;18294
246000921;CC des Pays d'Oise et d'Halatte;34298
246100390;CC du Val d'Orne;5652
246100663;CU d'Alençon;56001
246200299;CA d'Hénin-Carvin;126965
246200364;CA de Lens - Liévin;241268
246200380;CC de la Terre des Deux Caps;22249
246200729;CA du Boulonnais;112092
246200844;CC de la Région d'Audruicq;27817
246201016;CC du Pays de Lumbres;24153
246300701;Clermont Auvergne Métropole;296180
246300966;CC du Massif du Sancy;9641
246301097;CC Entre Dore et Allier;19212
246400337;CC de la Vallée d'Ossau;9662
246401756;CC Pays de Nay;28847
246500482;CC de la Haute-Bigorre;16591
246500573;CC Aure Louron;6928
246600282;CC Sud-Roussillon;23944
246600373;CC du Vallespir;20364
246600399;CC Pyrénées Cerdagne;8673
246600415;CC Roussillon-Conflent;18504
246600423;CC Agly Fenouillèdes;6379
246600449;CC des Aspres;22097
246600464;CC Pyrénées catalanes;5953
246600548;CC du Haut Vallespir;9722
246700306;CC de la Vallée de la Bruche;20708
246700488;Eurométropole de Strasbourg;505272
246700744;CC des Portes de Rosheim;18033
246700777;CC de la Vallée de Villé;10716
246700843;CC de la Basse-Zorn;17515
246700926;CC du Pays de Wissembourg;15755
246700959;CC du Pays de la Zorn;16110
246700967;CC de Sélestat;36863
246701064;CC de la Région de Molsheim-Mutzig;40539
246701080;CC du Pays de Sainte-Odile;18868
246701098;CC du Pays de Niederbronn-les-Bains;23389
246800205;CC de la Vallée de Saint-Amarin;12283
246800395;CC du Val d'Argent;9417
246800445;CC du Centre du Haut-Rhin;16053
246800494;CC du Pays de Rouffach, Vignobles et Châteaux;12963
246800551;CC de la Vallée de Kaysersberg;16209
246800569;CC de la Région de Guebwiller;38069
246800577;CC du Pays de Ribeauvillé;18295
246800585;CC de la Vallée de Munster;16244
246800676;CC de la Vallée de la Doller et du Soultzbach;16007
246800726;CA Colmar Agglomération;114149
246900575;CC de l'Est Lyonnais (CCEL);41700
246900625;CC du Pays de l'Arbresle (CCPA);38438
246900724;CC des Vallons du Lyonnais (CCVL);30940
246900740;CC du Pays Mornantais (COPAMO);29220
246900757;CC de la Vallée du Garon (CCVG);31746
246900765;CC du Pays de l'Ozon;26392
247000011;CA de Vesoul;32082
247000367;CC des Combes;7602
247000623;CC des Quatre Rivières;9485
247000664;CC du Pays de Lure;19574
247000698;CC des Monts de Gy;6157
247000706;CC du Pays Riolais;12954
247000714;CC du Pays de Villersexel;7837
247000722;CC du Pays d'Héricourt;21078
247000755;CC du Pays de Luxeuil;14847
247000821;CC Rahin et Chérimont;11782
247000854;CC des 1000 étangs;8413
247100290;CU Le Creusot Montceau-les-Mines;92305
247100589;CA Le Grand Chalon;114258
247100639;CC de Marcigny;6089
247100647;CC Bresse Nord Intercom';6534
247103765;CC Entre Saône et Grosne;11135
247103864;CC de Semur-en-Brionnais;5181
247104094;CC Sud Côte Chalonnaise;11499
247200090;CC Communauté de communes du Pays Sabolien;28572
247200132;CU Le Mans Métropole;207072
247200348;CC du Pays Fléchois;26917
247200421;CC du Sud Est Manceau;17632
247200447;CC Orée de Bercé - Belinois;19486
247200629;CC du Val de Sarthe;30411
247200686;CC du Pays de l'Huisne Sarthoise;28607
247300015;CC des Vallées d'Aigueblanche;7251
247300254;CC de Haute-Tarentaise;15481
247300262;CC de Yenne;7258
247300361;CC du Canton de La Chambre;7389
247300452;CC Maurienne Galibier;5433
247300528;CC Val Guiers;12281
247300668;CC du Lac d'Aiguebelette (CCLA);6081
247300676;CC Porte de Maurienne;6902
247300817;CC Les Versants d'Aime;9668
247400047;CC de la Vallée Verte;8157
247400112;CC du Pays de Cruseilles;16138
247400567;CC Fier et Usses;15624
247400583;CC Arve et Salève;20074
247400617;CC des Vallées de Thônes;18555
247400666;CC des Quatre Rivières;19532
247400682;CC du Haut-Chablais;12821
247400690;CC du Genevois;48312
247400724;CC du Pays Rochois;28369
247400740;CC Rumilly Terre de Savoie;32106
247400773;CC des Sources du Lac d'Annecy;15145
247600505;CC Campagne-de-Caux;15027
247600588;CC des Villes Sœurs;36512
247600604;CC de Londinières;5220
247600620;CC Yvetot Normandie;26221
247600646;CC Caux - Austreberthe;25342
247600729;CC Falaises du Talou;23627
247600786;CA de la Région Dieppoise;45909
247700032;CC Moret Seine et Loing;38980
247700057;CA Melun Val de Seine;133262
247700065;CC du Pays de l'Ourcq;17439
247700107;CC Pays de Montereau;43989
247700339;CA Val d'Europe Agglomération;51869
247700594;CA Marne et Gondoire;107949
247700644;CC l'Orée de la Brie;28327
247700701;CC Brie Nangissienne;27948
247800550;CC du Pays Houdanais (C.C.P.H.);29790
247800584;CA Versailles Grand Parc (C.A.V.G.P.);268545
247800618;CC Cœur d'Yvelines;50295
247900798;CC du Thouarsais;35564
248000499;CC du Val de Somme;26738
248000531;CA Amiens Métropole;182073
248000747;CC du Pays du Coquelicot;28229
248100158;CC du Sor et de l'Agout;22888
248100430;CA de Castres Mazamet;78275
248100497;CC Val 81;5558
248100737;CA de l'Albigeois (C2A);82351
248100745;CC Thoré Montagne Noire;5056
248200016;CC des Deux Rives;18753
248200057;CC du Quercy Caussadais;20258
248200065;CC de la Lomagne Tarn-et-Garonnaise;10053
248200099;CA Grand Montauban;78505
248200107;CC du Quercy Rouergue et des Gorges de l'Aveyron;7664
248300394;CA Sud Sainte Baume;61460
248300410;CC de la Vallée du Gapeau;32078
248300493;CA Dracénie Provence Verdon Agglomération;108026
248300543;Métropole Toulon-Provence-Méditerranée;443229
248300550;CC Cœur du Var;43908
248400053;CA Ventoux-Comtat-Venaissin (COVE);70298
248400160;CC Aygues-Ouvèze en Provence (CCAOP);19794
248400236;CC du Pays Réuni d'Orange;44973
248400251;CA du Grand Avignon (COGA);193290
248400285;CC Territoriale Sud-Luberon;25144
248400293;CA des Sorgues du Comtat;50165
248400319;CC du Pays des Sorgues et des Monts de Vaucluse;33828
248400335;CC Vaison Ventoux;16668
248500191;CC de l'Île de Noirmoutier;9226
248500258;CC Océan Marais de Monts;19339
248500340;CC Pays de Chantonnay;22875
248500415;CC du Pays de la Châtaigneraie;15615
248500464;CC du Pays de Pouzauges;23216
248500530;CC du Pays des Achards;19247
248500563;CC Vendée, Sèvre, Autise;16179
248500589;CA La Roche-sur-Yon Agglomération;97771
248500621;CC du Pays des Herbiers;30131
248500662;CC du Pays de Mortagne;27821
248600413;CA Grand Châtellerault;83615
248600447;CC du Pays Loudunais;24432
248700189;CC du Pays de Saint-Yrieix;12038
248719262;CC Gartempe Saint-Pardoux;5126
248719288;CC du Val de Vienne;16217
248719312;CU Limoges Métropole;206951
248719338;CC Briance-Combade;5342
248719353;CC des Portes de Vassivière;5641
248719361;CC de Noblat;11789
248900334;CA du Grand Sénonais;59202
248900383;CC de l'Agglomération Migennoise;14966
248900524;CC de l'Aillantais en Bourgogne;10354
248900664;CC de la Vanne et du Pays d'Othe;8519
248900748;CC du Gâtinais en Bourgogne;17498
248900896;CC Yonne Nord;24477
248900938;CC du Jovinien;21012
249000241;CC du Sud Territoire;23590
249100074;CC du Pays de Limours (CCPL);26882
249100157;CC des Deux Vallées;18600
249100546;CC du Val d'Essonne (CCVE);60679
249100553;CC Entre Juine et Renarde (CCEJR);27521
249100595;CC Le Dourdannais en Hurepoix (CCDH);26160
249500109;CA de Cergy-Pontoise;212398
249500430;CC Sausseron Impressionnistes;19187
249500455;CC de la Vallée de l'Oise et des Trois Forêts;38925
249500489;CC du Haut Val d'Oise;39347
249500513;CC du Vexin-Val de Seine;16736
249710047;CC de Marie-Galante;10565
249710062;CA du Nord Basse-Terre;76742
249710070;CA Grand Sud Caraïbe;77186
249720053;CA de l'Espace Sud de la Martinique;114824
249720061;CA du Centre de la Martinique;152102
249730037;CC de l'Ouest Guyanais;96757
249730045;CA du Centre Littoral;147943
249730052;CC de l'Est Guyanais;7205
249740077;CA CIVIS (Communauté Intercommunale des VIlles Solidaires);181534
249740085;CA du Sud;129867
249740093;CA Intercommunale de la Réunion Est (CIREST);127102
249740101;CA Territoire de la Côte Ouest (TCO);210771
249740119;CA Intercommunale du Nord de la Réunion (CINOR);211936